-- Run as admin

--------------------------------------------
-- Reset database_name
--------------------------------------------

DROP DATABASE IF EXISTS my_budget;

DROP TABLESPACE IF EXISTS tbs_my_budget;
--DROP TABLESPACE IF EXISTS tbs_my_budget_data;
--DROP TABLESPACE IF EXISTS tbs_my_budget_index;


--------------------------------------------
-- Create user database_user
--------------------------------------------
DROP OWNED BY my_budget CASCADE;
DROP USER IF EXISTS my_budget;
CREATE USER my_budget WITH PASSWORD 'my_budget';

--------------------------------------------
-- Create database database_name
--------------------------------------------

CREATE DATABASE my_budget
  WITH OWNER = my_budget
       ENCODING = 'UTF8'
       TABLESPACE = pg_default
       LC_COLLATE = 'French_France.1252'
       LC_CTYPE = 'French_France.1252'
       CONNECTION LIMIT = -1;

-- create tablespaces
CREATE TABLESPACE tbs_my_budget LOCATION 'C:\my_budget_data';

-- add rights
GRANT ALL ON TABLESPACE tbs_my_budget TO my_budget;
--GRANT ALL ON TABLESPACE tbs_my_budget_data TO my_budget;
--GRANT ALL ON TABLESPACE tbs_my_budget_index TO my_budget;

-- improve selects on partitionned tables
ALTER DATABASE my_budget SET constraint_exclusion=on;





-- DROP SEQUENCE public.seq_category;

CREATE SEQUENCE public.seq_category
	INCREMENT BY 1
	MINVALUE 1
	MAXVALUE 9223372036854775807
	START 1;

-- DROP SEQUENCE public.seq_item;

CREATE SEQUENCE public.seq_item
	INCREMENT BY 1
	MINVALUE 1
	MAXVALUE 9223372036854775807;

-- DROP SEQUENCE public.seq_item_shopping_list;

CREATE SEQUENCE public.seq_item_shopping_list
	INCREMENT BY 1
	MINVALUE 1
	MAXVALUE 9223372036854775807;

-- DROP SEQUENCE public.seq_shopping_list;

CREATE SEQUENCE public.seq_shopping_list
	INCREMENT BY 1
	MINVALUE 1
	MAXVALUE 9223372036854775807;

-- DROP SEQUENCE public.seq_sub_category;

CREATE SEQUENCE public.seq_sub_category
	INCREMENT BY 1
	MINVALUE 1
	MAXVALUE 9223372036854775807;

	
	
INSERT INTO category (id, category_label, category_state, category_total_cost) VALUES(1, 'Revenus', 'active', 0);
INSERT INTO category (id, category_label, category_state, category_total_cost) VALUES(3, 'Foyer', 'active', 0);
INSERT INTO category (id, category_label, category_state, category_total_cost) VALUES(4, 'Vie quotidienne', 'active', 0);
INSERT INTO category (id, category_label, category_state, category_total_cost) VALUES(5, 'Enfants', 'active', 0);
INSERT INTO category (id, category_label, category_state, category_total_cost) VALUES(6, 'Transport	', 'active', 0);
INSERT INTO category (id, category_label, category_state, category_total_cost) VALUES(7, 'Santé', 'active', 0);
INSERT INTO category (id, category_label, category_state, category_total_cost) VALUES(8, 'Assurance', 'active', 0);
INSERT INTO category (id, category_label, category_state, category_total_cost) VALUES(9, 'Enseignement', 'active', 0);
INSERT INTO category (id, category_label, category_state, category_total_cost) VALUES(10, 'Charité', 'active', 0);
INSERT INTO category (id, category_label, category_state, category_total_cost) VALUES(11, 'Epargne', 'active', 0);
INSERT INTO category (id, category_label, category_state, category_total_cost) VALUES(12, 'Loisirs', 'active', 0);
INSERT INTO category (id, category_label, category_state, category_total_cost) VALUES(13, 'Vacances', 'active', 0);


INSERT INTO sub_category (id, sub_category_label, sub_category_state, sub_category_total_cost, category) VALUES(14, 'Loyer', 'active', 0, 3);
INSERT INTO sub_category (id, sub_category_label, sub_category_state, sub_category_total_cost, category) VALUES(15, 'Electricité/gaz', 'active', 0, 3);
INSERT INTO sub_category (id, sub_category_label, sub_category_state, sub_category_total_cost, category) VALUES(16, 'Eau', 'active', 0, 3);
INSERT INTO sub_category (id, sub_category_label, sub_category_state, sub_category_total_cost, category) VALUES(17, 'Téléphone/Abonnement', 'active', 0, 3);
INSERT INTO sub_category (id, sub_category_label, sub_category_state, sub_category_total_cost, category) VALUES(18, 'Internet/Câble/TV', 'active', 0, 3);
INSERT INTO sub_category (id, sub_category_label, sub_category_state, sub_category_total_cost, category) VALUES(19, 'Mobilier/électroménager', 'active', 0, 3);
INSERT INTO sub_category (id, sub_category_label, sub_category_state, sub_category_total_cost, category) VALUES(20, 'Produits pour la maison', 'active', 0, 3);
INSERT INTO sub_category (id, sub_category_label, sub_category_state, sub_category_total_cost, category) VALUES(21, 'Traites du véhicule', 'active', 0, 6);
INSERT INTO sub_category (id, sub_category_label, sub_category_state, sub_category_total_cost, category) VALUES(22, 'Carburant', 'active', 0, 6);
INSERT INTO sub_category (id, sub_category_label, sub_category_state, sub_category_total_cost, category) VALUES(23, 'Bus/taxi/train', 'active', 0, 6);
INSERT INTO sub_category (id, sub_category_label, sub_category_state, sub_category_total_cost, category) VALUES(24, 'Réparations', 'active', 0, 6);
INSERT INTO sub_category (id, sub_category_label, sub_category_state, sub_category_total_cost, category) VALUES(25, 'Immatriculation', 'active', 0, 6);
INSERT INTO sub_category (id, sub_category_label, sub_category_state, sub_category_total_cost, category) VALUES(26, 'Scolarité', 'active', 0, 9);
INSERT INTO sub_category (id, sub_category_label, sub_category_state, sub_category_total_cost, category) VALUES(27, 'Livres', 'active', 0, 9);
INSERT INTO sub_category (id, sub_category_label, sub_category_state, sub_category_total_cost, category) VALUES(28, 'Sortie scolaire', 'active', 0, 9);
INSERT INTO sub_category (id, sub_category_label, sub_category_state, sub_category_total_cost, category) VALUES(29, 'Courses', 'active', 0, 4);
INSERT INTO sub_category (id, sub_category_label, sub_category_state, sub_category_total_cost, category) VALUES(30, 'Fournitures personnelles', 'active', 0, 4);
INSERT INTO sub_category (id, sub_category_label, sub_category_state, sub_category_total_cost, category) VALUES(31, 'Vêtements', 'active', 0, 4);
INSERT INTO sub_category (id, sub_category_label, sub_category_state, sub_category_total_cost, category) VALUES(32, 'Services de nettoyage', 'active', 0, 4);
INSERT INTO sub_category (id, sub_category_label, sub_category_state, sub_category_total_cost, category) VALUES(33, 'Restaurants', 'active', 0, 4);
INSERT INTO sub_category (id, sub_category_label, sub_category_state, sub_category_total_cost, category) VALUES(34, 'Docteur/dentiste', 'active', 0, 7);
INSERT INTO sub_category (id, sub_category_label, sub_category_state, sub_category_total_cost, category) VALUES(35, 'Médicaments', 'active', 0, 7);
INSERT INTO sub_category (id, sub_category_label, sub_category_state, sub_category_total_cost, category) VALUES(36, 'Club de sport', 'active', 0, 7);
INSERT INTO sub_category (id, sub_category_label, sub_category_state, sub_category_total_cost, category) VALUES(37, 'Urgence', 'active', 0, 7);
INSERT INTO sub_category (id, sub_category_label, sub_category_state, sub_category_total_cost, category) VALUES(38, 'Cadeaux', 'active', 0, 10);
INSERT INTO sub_category (id, sub_category_label, sub_category_state, sub_category_total_cost, category) VALUES(39, 'Dons', 'active', 0, 10);
INSERT INTO sub_category (id, sub_category_label, sub_category_state, sub_category_total_cost, category) VALUES(40, 'Zakat', 'active', 0, 10);
INSERT INTO sub_category (id, sub_category_label, sub_category_state, sub_category_total_cost, category) VALUES(41, 'autre', 'active', 0, 10);
INSERT INTO sub_category (id, sub_category_label, sub_category_state, sub_category_total_cost, category) VALUES(42, 'Vidéos/dvd', 'active', 0, 12);
INSERT INTO sub_category (id, sub_category_label, sub_category_state, sub_category_total_cost, category) VALUES(43, 'Musique', 'active', 0, 12);
INSERT INTO sub_category (id, sub_category_label, sub_category_state, sub_category_total_cost, category) VALUES(44, 'Jeux', 'active', 0, 12);
INSERT INTO sub_category (id, sub_category_label, sub_category_state, sub_category_total_cost, category) VALUES(45, 'Voyage', 'active', 0, 13);
INSERT INTO sub_category (id, sub_category_label, sub_category_state, sub_category_total_cost, category) VALUES(46, 'Hébergement', 'active', 0, 13);
INSERT INTO sub_category (id, sub_category_label, sub_category_state, sub_category_total_cost, category) VALUES(47, 'Nourriture', 'active', 0, 13);
INSERT INTO sub_category (id, sub_category_label, sub_category_state, sub_category_total_cost, category) VALUES(48, 'Soins', 'active', 0, 5);
INSERT INTO sub_category (id, sub_category_label, sub_category_state, sub_category_total_cost, category) VALUES(49, 'Vêtements', 'active', 0, 5);
INSERT INTO sub_category (id, sub_category_label, sub_category_state, sub_category_total_cost, category) VALUES(50, 'Droits de scolarité', 'active', 0, 5);
INSERT INTO sub_category (id, sub_category_label, sub_category_state, sub_category_total_cost, category) VALUES(51, 'Cantine scolaire', 'active', 0, 5);
INSERT INTO sub_category (id, sub_category_label, sub_category_state, sub_category_total_cost, category) VALUES(52, 'Fournitures scolaires', 'active', 0, 5);
INSERT INTO sub_category (id, sub_category_label, sub_category_state, sub_category_total_cost, category) VALUES(53, 'Babysitting', 'active', 0, 5);
INSERT INTO sub_category (id, sub_category_label, sub_category_state, sub_category_total_cost, category) VALUES(54, 'Jouets', 'active', 0, 5);
INSERT INTO sub_category (id, sub_category_label, sub_category_state, sub_category_total_cost, category) VALUES(55, 'Auto', 'active', 0, 8);
INSERT INTO sub_category (id, sub_category_label, sub_category_state, sub_category_total_cost, category) VALUES(56, 'Foyer/loyer', 'active', 0, 8);
INSERT INTO sub_category (id, sub_category_label, sub_category_state, sub_category_total_cost, category) VALUES(57, 'Fonds d''urgence', 'active', 0, 11);
INSERT INTO sub_category (id, sub_category_label, sub_category_state, sub_category_total_cost, category) VALUES(58, 'Virements sur livret', 'active', 0, 11);
INSERT INTO sub_category (id, sub_category_label, sub_category_state, sub_category_total_cost, category) VALUES(59, 'Investissements', 'active', 0, 11);
INSERT INTO sub_category (id, sub_category_label, sub_category_state, sub_category_total_cost, category) VALUES(60, 'faculté', 'active', 0, 11);
INSERT INTO sub_category (id, sub_category_label, sub_category_state, sub_category_total_cost, category) VALUES(61, 'Salaires et pourboires', 'active', 0, 1);
INSERT INTO sub_category (id, sub_category_label, sub_category_state, sub_category_total_cost, category) VALUES(62, 'Virements sur livret', 'active', 0, 1);

-- data





INSERT INTO item (id, date_item, expected_amount, expected_quantity, item_labelle, sub_category) VALUES(76, '2019-08-27', 30, 1, 'virement ', 62);
INSERT INTO item (id, date_item, expected_amount, expected_quantity, item_labelle, sub_category) VALUES(984, '2019-06-14', 1900, 1, 'salaire open', 61);
INSERT INTO item (id, date_item, expected_amount, expected_quantity, item_labelle, sub_category) VALUES(240, '2018-08-10', 0.94, 1, 'm dolor', 60);
INSERT INTO item (id, date_item, expected_amount, expected_quantity, item_labelle, sub_category) VALUES(179, '2019-11-08', 0.81, 1, 'dolor sit amet', 60);
INSERT INTO item (id, date_item, expected_amount, expected_quantity, item_labelle, sub_category) VALUES(891, '2018-10-16', 0.91, 1, 'rem ipsum dolor sit am', 60);
INSERT INTO item (id, date_item, expected_amount, expected_quantity, item_labelle, sub_category) VALUES(333, '2019-11-27', 2, 1, 'metLorem ipsum do', 60);
INSERT INTO item (id, date_item, expected_amount, expected_quantity, item_labelle, sub_category) VALUES(9, '2018-08-21', 0.17, 1, 'rem ipsu', 60);
INSERT INTO item (id, date_item, expected_amount, expected_quantity, item_labelle, sub_category) VALUES(157, '2019-05-12', 0.27, 1, 'rem ', 60);
INSERT INTO item (id, date_item, expected_amount, expected_quantity, item_labelle, sub_category) VALUES(653, '2019-12-28', 0.89, 1, 'orem ipsum dolor s', 60);
INSERT INTO item (id, date_item, expected_amount, expected_quantity, item_labelle, sub_category) VALUES(313, '2019-11-20', 0.35, 1, 'dolor sit a', 60);
INSERT INTO item (id, date_item, expected_amount, expected_quantity, item_labelle, sub_category) VALUES(36, '2019-12-11', 0.56, 1, 'ametLorem ipsum dolor si', 60);
INSERT INTO item (id, date_item, expected_amount, expected_quantity, item_labelle, sub_category) VALUES(692, '2018-10-30', 0.86, 1, 'tLorem ipsum d', 60);
INSERT INTO item (id, date_item, expected_amount, expected_quantity, item_labelle, sub_category) VALUES(266, '2018-07-26', 0.75, 1, 'rem ipsum dolor sit amet', 60);
INSERT INTO item (id, date_item, expected_amount, expected_quantity, item_labelle, sub_category) VALUES(996, '2019-01-18', 0.53, 1, ' ipsum dolo', 60);
INSERT INTO item (id, date_item, expected_amount, expected_quantity, item_labelle, sub_category) VALUES(898, '2018-09-17', 0.40, 1, 'dolor sit ametLorem i', 60);
INSERT INTO item (id, date_item, expected_amount, expected_quantity, item_labelle, sub_category) VALUES(366, '2018-01-22', 0.91, 1, 'ametLorem ipsum dolor si', 60);
INSERT INTO item (id, date_item, expected_amount, expected_quantity, item_labelle, sub_category) VALUES(80, '2020-02-12', 0.65, 1, 'metLorem ipsum dolor sit a', 60);
INSERT INTO item (id, date_item, expected_amount, expected_quantity, item_labelle, sub_category) VALUES(440, '2019-04-07', 0.87, 1, 'm dolor sit amet', 60);
INSERT INTO item (id, date_item, expected_amount, expected_quantity, item_labelle, sub_category) VALUES(697, '2018-12-28', 3, 1, 'lor sit ametLor', 59);
INSERT INTO item (id, date_item, expected_amount, expected_quantity, item_labelle, sub_category) VALUES(209, '2018-11-23', 3, 1, 'um dolor si', 59);
INSERT INTO item (id, date_item, expected_amount, expected_quantity, item_labelle, sub_category) VALUES(896, '2019-09-04', 3, 1, 'orem ip', 59);
INSERT INTO item (id, date_item, expected_amount, expected_quantity, item_labelle, sub_category) VALUES(487, '2020-01-20', 3, 1, 'orem ipsum dolo', 59);
INSERT INTO item (id, date_item, expected_amount, expected_quantity, item_labelle, sub_category) VALUES(599, '2018-02-05', 3, 1, 'etLorem ipsum dolor s', 59);
INSERT INTO item (id, date_item, expected_amount, expected_quantity, item_labelle, sub_category) VALUES(779, '2019-06-17', 3, 1, 'dolor sit ametLorem i', 59);
INSERT INTO item (id, date_item, expected_amount, expected_quantity, item_labelle, sub_category) VALUES(126, '2018-03-08', 3, 1, 'um dolor sit ametLor', 59);
INSERT INTO item (id, date_item, expected_amount, expected_quantity, item_labelle, sub_category) VALUES(334, '2018-06-22', 3, 1, 'lor sit amet', 59);
INSERT INTO item (id, date_item, expected_amount, expected_quantity, item_labelle, sub_category) VALUES(866, '2018-08-01', 3, 1, 'sit ametLo', 59);
INSERT INTO item (id, date_item, expected_amount, expected_quantity, item_labelle, sub_category) VALUES(570, '2019-10-27', 3, 1, 'tLorem i', 59);
INSERT INTO item (id, date_item, expected_amount, expected_quantity, item_labelle, sub_category) VALUES(316, '2019-12-01', 0.61, 1, 'um dolor sit ametLorem ip', 59);
INSERT INTO item (id, date_item, expected_amount, expected_quantity, item_labelle, sub_category) VALUES(675, '2019-05-18', 0.72, 1, 'dolor sit ametLorem i', 59);
INSERT INTO item (id, date_item, expected_amount, expected_quantity, item_labelle, sub_category) VALUES(327, '2019-04-26', 0.19, 1, 'it ametLorem ipsu', 59);
INSERT INTO item (id, date_item, expected_amount, expected_quantity, item_labelle, sub_category) VALUES(251, '2019-06-18', 0.62, 1, 'lor sit ametLore', 59);
INSERT INTO item (id, date_item, expected_amount, expected_quantity, item_labelle, sub_category) VALUES(553, '2019-03-11', 0.11, 1, 'dolor sit ametLorem ip', 59);
INSERT INTO item (id, date_item, expected_amount, expected_quantity, item_labelle, sub_category) VALUES(242, '2019-05-29', 0.58, 1, 'etLorem ipsu', 59);
INSERT INTO item (id, date_item, expected_amount, expected_quantity, item_labelle, sub_category) VALUES(705, '2018-02-17', 0.34, 1, 'ametLorem', 59);
INSERT INTO item (id, date_item, expected_amount, expected_quantity, item_labelle, sub_category) VALUES(635, '2018-10-27', 0.58, 1, 'um dolor ', 59);
INSERT INTO item (id, date_item, expected_amount, expected_quantity, item_labelle, sub_category) VALUES(197, '2018-05-25', 0.75, 1, 'sum dolor sit ametLorem', 59);
INSERT INTO item (id, date_item, expected_amount, expected_quantity, item_labelle, sub_category) VALUES(271, '2020-02-18', 0.43, 1, 't am', 59);
INSERT INTO item (id, date_item, expected_amount, expected_quantity, item_labelle, sub_category) VALUES(742, '2019-09-27', 0.43, 1, 'ipsum dol', 59);
INSERT INTO item (id, date_item, expected_amount, expected_quantity, item_labelle, sub_category) VALUES(747, '2018-10-17', 0.18, 1, 'r sit a', 59);
INSERT INTO item (id, date_item, expected_amount, expected_quantity, item_labelle, sub_category) VALUES(428, '2019-05-21', 0.15, 1, 'orem ipsum dolor sit', 59);
INSERT INTO item (id, date_item, expected_amount, expected_quantity, item_labelle, sub_category) VALUES(994, '2018-11-16', 0.58, 1, 'tLor', 58);
INSERT INTO item (id, date_item, expected_amount, expected_quantity, item_labelle, sub_category) VALUES(706, '2018-07-18', 0.56, 1, 'rem ipsum dolor sit amet', 58);
INSERT INTO item (id, date_item, expected_amount, expected_quantity, item_labelle, sub_category) VALUES(938, '2019-06-01', 0.12, 1, 'ametLorem ipsum', 58);
INSERT INTO item (id, date_item, expected_amount, expected_quantity, item_labelle, sub_category) VALUES(18, '2019-05-26', 0.75, 1, 'm ipsum dolor sit ame', 58);
INSERT INTO item (id, date_item, expected_amount, expected_quantity, item_labelle, sub_category) VALUES(100, '2018-03-02', 0.59, 1, 'metLor', 58);
INSERT INTO item (id, date_item, expected_amount, expected_quantity, item_labelle, sub_category) VALUES(642, '2018-01-11', 0.41, 1, 'm dolor sit ametLorem', 58);
INSERT INTO item (id, date_item, expected_amount, expected_quantity, item_labelle, sub_category) VALUES(174, '2018-11-11', 0.78, 1, 'or sit ametLorem ip', 58);
INSERT INTO item (id, date_item, expected_amount, expected_quantity, item_labelle, sub_category) VALUES(893, '2019-09-27', 0.93, 1, ' ipsum dolor sit ame', 58);
INSERT INTO item (id, date_item, expected_amount, expected_quantity, item_labelle, sub_category) VALUES(159, '2018-11-15', 0.59, 1, ' sit', 58);
INSERT INTO item (id, date_item, expected_amount, expected_quantity, item_labelle, sub_category) VALUES(223, '2019-05-24', 0.15, 1, 'lor sit ametLorem ipsum', 58);
INSERT INTO item (id, date_item, expected_amount, expected_quantity, item_labelle, sub_category) VALUES(142, '2018-07-01', 0.55, 1, ' sit a', 58);
INSERT INTO item (id, date_item, expected_amount, expected_quantity, item_labelle, sub_category) VALUES(464, '2018-03-08', 0.44, 1, ' sit', 58);
INSERT INTO item (id, date_item, expected_amount, expected_quantity, item_labelle, sub_category) VALUES(757, '2018-04-14', 0.61, 1, 'orem ipsum ', 58);
INSERT INTO item (id, date_item, expected_amount, expected_quantity, item_labelle, sub_category) VALUES(367, '2019-03-22', 0.34, 1, 'sum dolor sit ametLorem', 58);
INSERT INTO item (id, date_item, expected_amount, expected_quantity, item_labelle, sub_category) VALUES(966, '2019-11-16', 0.84, 1, 'ametLorem ipsum dolor', 57);
INSERT INTO item (id, date_item, expected_amount, expected_quantity, item_labelle, sub_category) VALUES(905, '2018-05-16', 0.82, 1, 'm dolor sit ametLorem', 57);
INSERT INTO item (id, date_item, expected_amount, expected_quantity, item_labelle, sub_category) VALUES(458, '2019-02-06', 0.59, 1, ' dolor si', 57);
INSERT INTO item (id, date_item, expected_amount, expected_quantity, item_labelle, sub_category) VALUES(475, '2019-03-22', 0.24, 1, 'sit ametLorem ipsum d', 57);
INSERT INTO item (id, date_item, expected_amount, expected_quantity, item_labelle, sub_category) VALUES(250, '2019-11-20', 0.50, 1, 'olor sit ', 57);
INSERT INTO item (id, date_item, expected_amount, expected_quantity, item_labelle, sub_category) VALUES(785, '2019-02-13', 0.15, 1, 'orem ipsum ', 57);
INSERT INTO item (id, date_item, expected_amount, expected_quantity, item_labelle, sub_category) VALUES(505, '2019-05-29', 0.18, 1, 'dolor sit ametLore', 57);
INSERT INTO item (id, date_item, expected_amount, expected_quantity, item_labelle, sub_category) VALUES(274, '2018-07-11', 0.36, 1, 'orem ipsum do', 57);
INSERT INTO item (id, date_item, expected_amount, expected_quantity, item_labelle, sub_category) VALUES(357, '2020-01-26', 0.21, 1, 'sit ametLorem ipsum d', 57);
INSERT INTO item (id, date_item, expected_amount, expected_quantity, item_labelle, sub_category) VALUES(605, '2018-01-30', 0.64, 1, 'Lorem', 57);
INSERT INTO item (id, date_item, expected_amount, expected_quantity, item_labelle, sub_category) VALUES(827, '2019-04-01', 0.57, 1, 'sit ametLorem ipsum', 57);
INSERT INTO item (id, date_item, expected_amount, expected_quantity, item_labelle, sub_category) VALUES(263, '2018-11-22', 0.97, 1, 'Lorem ipsum', 57);
INSERT INTO item (id, date_item, expected_amount, expected_quantity, item_labelle, sub_category) VALUES(396, '2018-03-09', 0.26, 1, 'em ipsum dolor ', 57);
INSERT INTO item (id, date_item, expected_amount, expected_quantity, item_labelle, sub_category) VALUES(737, '2019-11-17', 10, 1, 'lor sit ametLorem ipsum do', 57);
INSERT INTO item (id, date_item, expected_amount, expected_quantity, item_labelle, sub_category) VALUES(544, '2019-04-29', 10, 1, 'um dolor sit ', 57);
INSERT INTO item (id, date_item, expected_amount, expected_quantity, item_labelle, sub_category) VALUES(376, '2019-12-14', 10, 1, 'em ipsum dolor si', 57);
INSERT INTO item (id, date_item, expected_amount, expected_quantity, item_labelle, sub_category) VALUES(677, '2020-01-26', 0.94, 1, 'dolor sit ametLorem ipsum', 57);
INSERT INTO item (id, date_item, expected_amount, expected_quantity, item_labelle, sub_category) VALUES(470, '2020-01-02', 0.61, 1, 'em ipsum dol', 57);
INSERT INTO item (id, date_item, expected_amount, expected_quantity, item_labelle, sub_category) VALUES(473, '2019-12-23', 0.16, 1, 'it ametLorem ipsu', 56);
INSERT INTO item (id, date_item, expected_amount, expected_quantity, item_labelle, sub_category) VALUES(228, '2018-07-09', 0.40, 1, 'tLorem ipsum dolor sit am', 56);
INSERT INTO item (id, date_item, expected_amount, expected_quantity, item_labelle, sub_category) VALUES(847, '2019-06-04', 0.69, 1, 'amet', 56);
INSERT INTO item (id, date_item, expected_amount, expected_quantity, item_labelle, sub_category) VALUES(526, '2019-03-22', 0.63, 1, 'm ipsum d', 56);
INSERT INTO item (id, date_item, expected_amount, expected_quantity, item_labelle, sub_category) VALUES(655, '2019-03-30', 0.30, 1, 'ipsum dolor sit ame', 56);
INSERT INTO item (id, date_item, expected_amount, expected_quantity, item_labelle, sub_category) VALUES(955, '2019-01-10', 0.99, 1, 'ametLorem ipsum', 56);
INSERT INTO item (id, date_item, expected_amount, expected_quantity, item_labelle, sub_category) VALUES(442, '2019-12-04', 0.41, 1, 'ipsum d', 56);
INSERT INTO item (id, date_item, expected_amount, expected_quantity, item_labelle, sub_category) VALUES(73, '2019-07-14', 0.79, 1, 'or sit am', 56);
INSERT INTO item (id, date_item, expected_amount, expected_quantity, item_labelle, sub_category) VALUES(433, '2018-03-14', 0.54, 1, 'rem ipsum dolor sit ametLo', 56);
INSERT INTO item (id, date_item, expected_amount, expected_quantity, item_labelle, sub_category) VALUES(714, '2019-03-23', 0.61, 1, ' ipsum dolo', 56);
INSERT INTO item (id, date_item, expected_amount, expected_quantity, item_labelle, sub_category) VALUES(927, '2018-08-18', 0.25, 1, 'ametLorem ipsum dolor sit', 56);
INSERT INTO item (id, date_item, expected_amount, expected_quantity, item_labelle, sub_category) VALUES(733, '2018-09-05', 0.55, 1, 'um dolor sit am', 56);
INSERT INTO item (id, date_item, expected_amount, expected_quantity, item_labelle, sub_category) VALUES(373, '2018-03-24', 0.94, 1, 'orem ipsum dolor sit a', 56);
INSERT INTO item (id, date_item, expected_amount, expected_quantity, item_labelle, sub_category) VALUES(112, '2019-10-30', 0.56, 1, 'ametL', 56);
INSERT INTO item (id, date_item, expected_amount, expected_quantity, item_labelle, sub_category) VALUES(146, '2018-02-26', 0.83, 1, 'sit ametLorem ipsum', 56);
INSERT INTO item (id, date_item, expected_amount, expected_quantity, item_labelle, sub_category) VALUES(405, '2018-02-02', 0.74, 1, 'r sit ametLor', 55);
INSERT INTO item (id, date_item, expected_amount, expected_quantity, item_labelle, sub_category) VALUES(942, '2019-12-02', 0.76, 1, 'em ip', 55);
INSERT INTO item (id, date_item, expected_amount, expected_quantity, item_labelle, sub_category) VALUES(956, '2019-07-20', 0.23, 1, 'sit ametLorem ipsum do', 55);
INSERT INTO item (id, date_item, expected_amount, expected_quantity, item_labelle, sub_category) VALUES(441, '2018-10-04', 0.76, 1, 'it ametLorem ipsum d', 55);
INSERT INTO item (id, date_item, expected_amount, expected_quantity, item_labelle, sub_category) VALUES(193, '2018-02-06', 0.12, 1, 'metLo', 55);
INSERT INTO item (id, date_item, expected_amount, expected_quantity, item_labelle, sub_category) VALUES(331, '2020-02-11', 0.65, 1, 'sit ametLorem ipsum dolor', 55);
INSERT INTO item (id, date_item, expected_amount, expected_quantity, item_labelle, sub_category) VALUES(56, '2018-08-03', 0.90, 1, 'em ipsum dolor sit am', 55);
INSERT INTO item (id, date_item, expected_amount, expected_quantity, item_labelle, sub_category) VALUES(108, '2018-08-16', 0.22, 1, 'tLorem ipsu', 55);
INSERT INTO item (id, date_item, expected_amount, expected_quantity, item_labelle, sub_category) VALUES(434, '2019-09-14', 0.79, 1, 'it ametLorem i', 55);
INSERT INTO item (id, date_item, expected_amount, expected_quantity, item_labelle, sub_category) VALUES(682, '2019-05-10', 0.82, 1, 'sit ametLorem ipsum do', 55);
INSERT INTO item (id, date_item, expected_amount, expected_quantity, item_labelle, sub_category) VALUES(3, '2018-10-03', 0.41, 1, ' dolor si', 55);
INSERT INTO item (id, date_item, expected_amount, expected_quantity, item_labelle, sub_category) VALUES(531, '2018-09-26', 0.39, 1, 'm do', 55);
INSERT INTO item (id, date_item, expected_amount, expected_quantity, item_labelle, sub_category) VALUES(863, '2019-06-14', 0.89, 1, 'etLorem ipsum dolor sit', 55);
INSERT INTO item (id, date_item, expected_amount, expected_quantity, item_labelle, sub_category) VALUES(977, '2019-07-31', 0.70, 1, 'sum dolor s', 55);
INSERT INTO item (id, date_item, expected_amount, expected_quantity, item_labelle, sub_category) VALUES(374, '2018-10-04', 0.24, 1, 'psum dolor si', 55);
INSERT INTO item (id, date_item, expected_amount, expected_quantity, item_labelle, sub_category) VALUES(883, '2018-12-03', 0.61, 1, 'tLorem', 55);
INSERT INTO item (id, date_item, expected_amount, expected_quantity, item_labelle, sub_category) VALUES(721, '2019-01-29', 0.95, 1, 'or sit ', 55);
INSERT INTO item (id, date_item, expected_amount, expected_quantity, item_labelle, sub_category) VALUES(647, '2019-06-27', 0.76, 1, 'psum', 55);
INSERT INTO item (id, date_item, expected_amount, expected_quantity, item_labelle, sub_category) VALUES(711, '2019-05-13', 0.90, 1, 'orem ip', 55);
INSERT INTO item (id, date_item, expected_amount, expected_quantity, item_labelle, sub_category) VALUES(997, '2019-11-12', 0.79, 1, 'psum dolor sit am', 55);
INSERT INTO item (id, date_item, expected_amount, expected_quantity, item_labelle, sub_category) VALUES(670, '2018-02-22', 0.64, 1, 'olor sit ametLorem', 55);
INSERT INTO item (id, date_item, expected_amount, expected_quantity, item_labelle, sub_category) VALUES(238, '2018-11-11', 0.48, 1, 'ametLo', 55);
INSERT INTO item (id, date_item, expected_amount, expected_quantity, item_labelle, sub_category) VALUES(443, '2018-06-16', 0.39, 1, 'it ametL', 55);
INSERT INTO item (id, date_item, expected_amount, expected_quantity, item_labelle, sub_category) VALUES(51, '2019-02-20', 0.52, 1, 'or sit ametLo', 54);
INSERT INTO item (id, date_item, expected_amount, expected_quantity, item_labelle, sub_category) VALUES(397, '2019-04-15', 0.79, 1, 'r sit ', 54);
INSERT INTO item (id, date_item, expected_amount, expected_quantity, item_labelle, sub_category) VALUES(496, '2018-10-19', 0.94, 1, ' ipsu', 54);
INSERT INTO item (id, date_item, expected_amount, expected_quantity, item_labelle, sub_category) VALUES(895, '2019-07-29', 0.88, 1, 'um dolor sit ametLorem', 54);
INSERT INTO item (id, date_item, expected_amount, expected_quantity, item_labelle, sub_category) VALUES(987, '2020-02-18', 0.98, 1, 'orem ipsum dolor sit ', 54);
INSERT INTO item (id, date_item, expected_amount, expected_quantity, item_labelle, sub_category) VALUES(69, '2019-03-29', 0.63, 1, 'Lorem ipsum dolo', 54);
INSERT INTO item (id, date_item, expected_amount, expected_quantity, item_labelle, sub_category) VALUES(890, '2018-09-04', 7, 1, 'rem ipsum dolor sit ametL', 54);
INSERT INTO item (id, date_item, expected_amount, expected_quantity, item_labelle, sub_category) VALUES(168, '2019-12-07', 7, 1, 'tLorem ipsum dolor', 54);
INSERT INTO item (id, date_item, expected_amount, expected_quantity, item_labelle, sub_category) VALUES(429, '2019-08-10', 7, 1, 'sum do', 54);
INSERT INTO item (id, date_item, expected_amount, expected_quantity, item_labelle, sub_category) VALUES(393, '2018-11-03', 7, 1, 'etLorem ipsum dolor sit', 54);
INSERT INTO item (id, date_item, expected_amount, expected_quantity, item_labelle, sub_category) VALUES(10, '2019-09-08', 7, 1, 'ipsum dolor sit amet', 54);
INSERT INTO item (id, date_item, expected_amount, expected_quantity, item_labelle, sub_category) VALUES(924, '2019-10-02', 7, 1, 'tLorem ipsum dolor sit am', 54);
INSERT INTO item (id, date_item, expected_amount, expected_quantity, item_labelle, sub_category) VALUES(776, '2018-08-10', 7, 1, ' dol', 54);
INSERT INTO item (id, date_item, expected_amount, expected_quantity, item_labelle, sub_category) VALUES(472, '2019-01-20', 7, 1, 'tLorem ipsum dolor sit a', 54);
INSERT INTO item (id, date_item, expected_amount, expected_quantity, item_labelle, sub_category) VALUES(906, '2019-11-01', 7, 1, 'm ipsum dolor sit ametL', 54);
INSERT INTO item (id, date_item, expected_amount, expected_quantity, item_labelle, sub_category) VALUES(904, '2019-09-24', 7, 1, 'olor sit ametLorem', 54);
INSERT INTO item (id, date_item, expected_amount, expected_quantity, item_labelle, sub_category) VALUES(565, '2020-02-28', 7, 1, ' sit', 54);
INSERT INTO item (id, date_item, expected_amount, expected_quantity, item_labelle, sub_category) VALUES(326, '2018-08-09', 7, 1, 'r sit ametLore', 53);
INSERT INTO item (id, date_item, expected_amount, expected_quantity, item_labelle, sub_category) VALUES(153, '2019-11-13', 7, 1, 'um dolor ', 53);
INSERT INTO item (id, date_item, expected_amount, expected_quantity, item_labelle, sub_category) VALUES(507, '2018-07-04', 0.74, 1, 'r sit am', 53);
INSERT INTO item (id, date_item, expected_amount, expected_quantity, item_labelle, sub_category) VALUES(631, '2019-01-16', 0.61, 1, 'r si', 53);
INSERT INTO item (id, date_item, expected_amount, expected_quantity, item_labelle, sub_category) VALUES(290, '2018-09-04', 0.73, 1, 'metLorem ipsum', 53);
INSERT INTO item (id, date_item, expected_amount, expected_quantity, item_labelle, sub_category) VALUES(612, '2018-09-24', 0.17, 1, 'um dolo', 53);
INSERT INTO item (id, date_item, expected_amount, expected_quantity, item_labelle, sub_category) VALUES(909, '2018-07-08', 0.55, 1, 'dolor sit ametLorem ip', 53);
INSERT INTO item (id, date_item, expected_amount, expected_quantity, item_labelle, sub_category) VALUES(277, '2019-08-26', 0.62, 1, 'Lorem ipsum do', 53);
INSERT INTO item (id, date_item, expected_amount, expected_quantity, item_labelle, sub_category) VALUES(613, '2019-11-25', 0.16, 1, 'or s', 53);
INSERT INTO item (id, date_item, expected_amount, expected_quantity, item_labelle, sub_category) VALUES(175, '2018-03-14', 0.15, 1, 'sit ametLorem', 53);
INSERT INTO item (id, date_item, expected_amount, expected_quantity, item_labelle, sub_category) VALUES(421, '2018-08-16', 0.30, 1, 'um dolor sit ametLorem', 53);
INSERT INTO item (id, date_item, expected_amount, expected_quantity, item_labelle, sub_category) VALUES(60, '2018-02-07', 0.42, 1, 'etLor', 53);
INSERT INTO item (id, date_item, expected_amount, expected_quantity, item_labelle, sub_category) VALUES(127, '2020-02-12', 0.66, 1, 'tLorem ipsu', 53);
INSERT INTO item (id, date_item, expected_amount, expected_quantity, item_labelle, sub_category) VALUES(212, '2018-09-03', 0.82, 1, 'tLorem ipsum', 53);
INSERT INTO item (id, date_item, expected_amount, expected_quantity, item_labelle, sub_category) VALUES(348, '2018-12-14', 0.21, 1, 'm ipsum dolor si', 53);
INSERT INTO item (id, date_item, expected_amount, expected_quantity, item_labelle, sub_category) VALUES(382, '2019-06-29', 0.13, 1, ' ipsum', 53);
INSERT INTO item (id, date_item, expected_amount, expected_quantity, item_labelle, sub_category) VALUES(115, '2019-11-18', 0.27, 1, 'it ametLorem ipsum dolor s', 53);
INSERT INTO item (id, date_item, expected_amount, expected_quantity, item_labelle, sub_category) VALUES(409, '2018-02-24', 0.17, 1, 'or sit ametLorem ipsum', 52);
INSERT INTO item (id, date_item, expected_amount, expected_quantity, item_labelle, sub_category) VALUES(931, '2018-10-13', 0.45, 1, 'olor sit am', 52);
INSERT INTO item (id, date_item, expected_amount, expected_quantity, item_labelle, sub_category) VALUES(195, '2019-07-11', 0.55, 1, 'dolor sit', 52);
INSERT INTO item (id, date_item, expected_amount, expected_quantity, item_labelle, sub_category) VALUES(214, '2019-11-15', 0.27, 1, 'olor sit am', 52);
INSERT INTO item (id, date_item, expected_amount, expected_quantity, item_labelle, sub_category) VALUES(110, '2018-09-28', 0.53, 1, 'sum dolo', 52);
INSERT INTO item (id, date_item, expected_amount, expected_quantity, item_labelle, sub_category) VALUES(741, '2018-12-17', 0.55, 1, 'r sit ametLorem ipsum', 52);
INSERT INTO item (id, date_item, expected_amount, expected_quantity, item_labelle, sub_category) VALUES(696, '2018-07-26', 0.53, 1, 'ametLorem ipsum dolor s', 52);
INSERT INTO item (id, date_item, expected_amount, expected_quantity, item_labelle, sub_category) VALUES(353, '2018-12-30', 0.85, 1, 'm ipsum dolor s', 52);
INSERT INTO item (id, date_item, expected_amount, expected_quantity, item_labelle, sub_category) VALUES(445, '2018-04-23', 0.57, 1, 'tLorem', 52);
INSERT INTO item (id, date_item, expected_amount, expected_quantity, item_labelle, sub_category) VALUES(756, '2019-08-03', 1.00, 1, 'tLorem ipsu', 52);
INSERT INTO item (id, date_item, expected_amount, expected_quantity, item_labelle, sub_category) VALUES(465, '2018-11-02', 0.15, 1, 'r sit ametLorem ipsum dol', 52);
INSERT INTO item (id, date_item, expected_amount, expected_quantity, item_labelle, sub_category) VALUES(325, '2018-04-02', 0.49, 1, 'lor sit ametLorem i', 52);
INSERT INTO item (id, date_item, expected_amount, expected_quantity, item_labelle, sub_category) VALUES(979, '2018-11-14', 0.67, 1, 'ametLor', 52);
INSERT INTO item (id, date_item, expected_amount, expected_quantity, item_labelle, sub_category) VALUES(42, '2018-03-02', 0.52, 1, 'dolor sit ame', 52);
INSERT INTO item (id, date_item, expected_amount, expected_quantity, item_labelle, sub_category) VALUES(306, '2019-02-03', 0.45, 1, 'amet', 52);
INSERT INTO item (id, date_item, expected_amount, expected_quantity, item_labelle, sub_category) VALUES(490, '2019-08-01', 0.96, 1, 'ametL', 52);
INSERT INTO item (id, date_item, expected_amount, expected_quantity, item_labelle, sub_category) VALUES(784, '2018-03-15', 1, 1, 'm dolor sit ametL', 52);
INSERT INTO item (id, date_item, expected_amount, expected_quantity, item_labelle, sub_category) VALUES(31, '2020-02-11', 1, 1, 'lor sit am', 52);
INSERT INTO item (id, date_item, expected_amount, expected_quantity, item_labelle, sub_category) VALUES(275, '2018-07-04', 1, 1, 't ametLorem ipsum d', 52);
INSERT INTO item (id, date_item, expected_amount, expected_quantity, item_labelle, sub_category) VALUES(506, '2019-06-14', 1, 1, 'dolor sit ametLo', 52);
INSERT INTO item (id, date_item, expected_amount, expected_quantity, item_labelle, sub_category) VALUES(804, '2019-09-09', 1, 1, 'rem ips', 52);
INSERT INTO item (id, date_item, expected_amount, expected_quantity, item_labelle, sub_category) VALUES(21, '2019-03-26', 1, 1, 'metLorem ipsum dolor si', 52);
INSERT INTO item (id, date_item, expected_amount, expected_quantity, item_labelle, sub_category) VALUES(812, '2018-05-04', 1, 1, 'etLorem ipsum dol', 52);
INSERT INTO item (id, date_item, expected_amount, expected_quantity, item_labelle, sub_category) VALUES(877, '2018-07-04', 1, 1, 'metLorem ipsum d', 52);
INSERT INTO item (id, date_item, expected_amount, expected_quantity, item_labelle, sub_category) VALUES(873, '2018-08-30', 1, 1, 'sum dolor sit ametLorem ip', 52);
INSERT INTO item (id, date_item, expected_amount, expected_quantity, item_labelle, sub_category) VALUES(412, '2019-06-26', 1, 1, 'em ipsum ', 52);
INSERT INTO item (id, date_item, expected_amount, expected_quantity, item_labelle, sub_category) VALUES(884, '2019-10-15', 1, 1, ' ipsum dolor ', 51);
INSERT INTO item (id, date_item, expected_amount, expected_quantity, item_labelle, sub_category) VALUES(797, '2018-11-27', 1, 1, 'm dolor sit ', 51);
INSERT INTO item (id, date_item, expected_amount, expected_quantity, item_labelle, sub_category) VALUES(292, '2018-03-11', 1, 1, 'ametLorem ipsum dolor', 51);
INSERT INTO item (id, date_item, expected_amount, expected_quantity, item_labelle, sub_category) VALUES(782, '2018-04-16', 1, 1, 'etLorem ipsum dolo', 51);
INSERT INTO item (id, date_item, expected_amount, expected_quantity, item_labelle, sub_category) VALUES(12, '2018-10-09', 1, 1, 'rem ipsum dolor sit', 51);
INSERT INTO item (id, date_item, expected_amount, expected_quantity, item_labelle, sub_category) VALUES(307, '2019-09-27', 1, 1, 'olor sit ametLorem', 51);
INSERT INTO item (id, date_item, expected_amount, expected_quantity, item_labelle, sub_category) VALUES(555, '2018-03-02', 1, 1, ' ipsum d', 51);
INSERT INTO item (id, date_item, expected_amount, expected_quantity, item_labelle, sub_category) VALUES(593, '2019-09-23', 1, 1, 'ipsum dolor', 51);
INSERT INTO item (id, date_item, expected_amount, expected_quantity, item_labelle, sub_category) VALUES(5, '2018-09-10', 1, 1, 'em ipsum dolor sit am', 51);
INSERT INTO item (id, date_item, expected_amount, expected_quantity, item_labelle, sub_category) VALUES(567, '2018-12-07', 1, 1, 'sum dolor sit ametLorem i', 51);
INSERT INTO item (id, date_item, expected_amount, expected_quantity, item_labelle, sub_category) VALUES(720, '2020-01-01', 1, 1, 'Lorem ipsum dolor sit am', 51);
INSERT INTO item (id, date_item, expected_amount, expected_quantity, item_labelle, sub_category) VALUES(191, '2019-06-14', 1, 1, 'm dolor', 51);
INSERT INTO item (id, date_item, expected_amount, expected_quantity, item_labelle, sub_category) VALUES(459, '2018-09-25', 1, 1, 'em ipsum dolor sit ame', 51);
INSERT INTO item (id, date_item, expected_amount, expected_quantity, item_labelle, sub_category) VALUES(868, '2018-02-22', 1, 1, 'it ametLorem ip', 51);
INSERT INTO item (id, date_item, expected_amount, expected_quantity, item_labelle, sub_category) VALUES(805, '2019-04-18', 1, 1, 'Lorem ipsum dolor si', 51);
INSERT INTO item (id, date_item, expected_amount, expected_quantity, item_labelle, sub_category) VALUES(516, '2018-10-19', 1, 1, 'lor sit ametLorem ipsum', 51);
INSERT INTO item (id, date_item, expected_amount, expected_quantity, item_labelle, sub_category) VALUES(504, '2018-10-11', 0.11, 1, 'r sit ametLorem ipsum', 51);
INSERT INTO item (id, date_item, expected_amount, expected_quantity, item_labelle, sub_category) VALUES(802, '2019-02-04', 0.74, 1, 'dolor sit ametLorem i', 51);
INSERT INTO item (id, date_item, expected_amount, expected_quantity, item_labelle, sub_category) VALUES(265, '2019-05-02', 0.72, 1, 'ipsum dolor sit am', 51);
INSERT INTO item (id, date_item, expected_amount, expected_quantity, item_labelle, sub_category) VALUES(789, '2018-06-07', 0.51, 1, 'metLorem ipsum dolor', 50);
INSERT INTO item (id, date_item, expected_amount, expected_quantity, item_labelle, sub_category) VALUES(602, '2018-04-15', 0.88, 1, 'olor sit ametLorem ipsum d', 50);
INSERT INTO item (id, date_item, expected_amount, expected_quantity, item_labelle, sub_category) VALUES(595, '2019-12-31', 0.45, 1, 'metLor', 50);
INSERT INTO item (id, date_item, expected_amount, expected_quantity, item_labelle, sub_category) VALUES(24, '2019-06-14', 0.36, 1, ' dolor ', 50);
INSERT INTO item (id, date_item, expected_amount, expected_quantity, item_labelle, sub_category) VALUES(43, '2019-11-03', 0.80, 1, 'em ipsum dolor sit ametLo', 50);
INSERT INTO item (id, date_item, expected_amount, expected_quantity, item_labelle, sub_category) VALUES(46, '2018-08-11', 0.98, 1, 'sum dolor sit ametL', 50);
INSERT INTO item (id, date_item, expected_amount, expected_quantity, item_labelle, sub_category) VALUES(916, '2020-01-28', 0.55, 1, 'r sit ametLorem ipsum dol', 50);
INSERT INTO item (id, date_item, expected_amount, expected_quantity, item_labelle, sub_category) VALUES(138, '2019-11-16', 0.86, 1, 'rem ipsum dolor sit a', 50);
INSERT INTO item (id, date_item, expected_amount, expected_quantity, item_labelle, sub_category) VALUES(170, '2019-06-11', 0.96, 1, 't ametLorem i', 50);
INSERT INTO item (id, date_item, expected_amount, expected_quantity, item_labelle, sub_category) VALUES(878, '2019-03-14', 0.96, 1, 'sit ametLore', 50);
INSERT INTO item (id, date_item, expected_amount, expected_quantity, item_labelle, sub_category) VALUES(843, '2018-09-18', 0.71, 1, 'dolor sit ametLorem i', 50);
INSERT INTO item (id, date_item, expected_amount, expected_quantity, item_labelle, sub_category) VALUES(245, '2019-05-02', 0.31, 1, 'sum d', 50);
INSERT INTO item (id, date_item, expected_amount, expected_quantity, item_labelle, sub_category) VALUES(799, '2018-10-06', 0.34, 1, 'rem ipsum d', 50);
INSERT INTO item (id, date_item, expected_amount, expected_quantity, item_labelle, sub_category) VALUES(794, '2018-01-22', 0.64, 1, ' dolor si', 50);
INSERT INTO item (id, date_item, expected_amount, expected_quantity, item_labelle, sub_category) VALUES(302, '2019-09-26', 0.34, 1, 'etLorem ipsum d', 50);
INSERT INTO item (id, date_item, expected_amount, expected_quantity, item_labelle, sub_category) VALUES(324, '2019-05-12', 0.50, 1, 'metL', 50);
INSERT INTO item (id, date_item, expected_amount, expected_quantity, item_labelle, sub_category) VALUES(341, '2018-12-16', 0.91, 1, 'psum dolor sit ametLo', 50);
INSERT INTO item (id, date_item, expected_amount, expected_quantity, item_labelle, sub_category) VALUES(362, '2018-07-31', 0.37, 1, 'dolor', 50);
INSERT INTO item (id, date_item, expected_amount, expected_quantity, item_labelle, sub_category) VALUES(391, '2019-08-03', 0.60, 1, 'etLorem ip', 50);
INSERT INTO item (id, date_item, expected_amount, expected_quantity, item_labelle, sub_category) VALUES(538, '2019-10-30', 0.94, 1, 'olor sit ametLorem ips', 50);
INSERT INTO item (id, date_item, expected_amount, expected_quantity, item_labelle, sub_category) VALUES(814, '2019-06-15', 0.40, 1, 'sit ametLorem ipsum dolor', 49);
INSERT INTO item (id, date_item, expected_amount, expected_quantity, item_labelle, sub_category) VALUES(75, '2018-06-17', 0.35, 1, 'Lorem ipsum dolo', 49);
INSERT INTO item (id, date_item, expected_amount, expected_quantity, item_labelle, sub_category) VALUES(624, '2018-12-06', 0.25, 1, 'm ipsum dolor ', 49);
INSERT INTO item (id, date_item, expected_amount, expected_quantity, item_labelle, sub_category) VALUES(745, '2020-02-02', 0.65, 1, 'r sit ametLorem ips', 49);
INSERT INTO item (id, date_item, expected_amount, expected_quantity, item_labelle, sub_category) VALUES(740, '2018-10-25', 0.76, 1, 'm ipsum dolor sit am', 49);
INSERT INTO item (id, date_item, expected_amount, expected_quantity, item_labelle, sub_category) VALUES(712, '2018-04-30', 0.66, 1, 'sit ametLorem ipsum', 49);
INSERT INTO item (id, date_item, expected_amount, expected_quantity, item_labelle, sub_category) VALUES(939, '2019-09-30', 0.56, 1, 'ametLorem i', 49);
INSERT INTO item (id, date_item, expected_amount, expected_quantity, item_labelle, sub_category) VALUES(7, '2018-09-29', 0.71, 1, 'um dolor sit ametLorem', 49);
INSERT INTO item (id, date_item, expected_amount, expected_quantity, item_labelle, sub_category) VALUES(849, '2020-02-04', 0.60, 1, ' sit ', 49);
INSERT INTO item (id, date_item, expected_amount, expected_quantity, item_labelle, sub_category) VALUES(995, '2019-04-14', 0.21, 1, 'ametLo', 49);
INSERT INTO item (id, date_item, expected_amount, expected_quantity, item_labelle, sub_category) VALUES(246, '2019-10-24', 0.93, 1, 'orem ipsum dolor sit a', 49);
INSERT INTO item (id, date_item, expected_amount, expected_quantity, item_labelle, sub_category) VALUES(363, '2019-12-08', 0.30, 1, 'dolor sit ametLorem ip', 49);
INSERT INTO item (id, date_item, expected_amount, expected_quantity, item_labelle, sub_category) VALUES(660, '2018-08-27', 0.72, 1, 'rem ip', 49);
INSERT INTO item (id, date_item, expected_amount, expected_quantity, item_labelle, sub_category) VALUES(725, '2018-12-02', 0.53, 1, 'it ametLorem ipsum', 49);
INSERT INTO item (id, date_item, expected_amount, expected_quantity, item_labelle, sub_category) VALUES(106, '2019-02-23', 0.35, 1, 'it ametLorem', 49);
INSERT INTO item (id, date_item, expected_amount, expected_quantity, item_labelle, sub_category) VALUES(584, '2019-04-04', 0.23, 1, 'um dolor sit ', 49);
INSERT INTO item (id, date_item, expected_amount, expected_quantity, item_labelle, sub_category) VALUES(897, '2018-10-19', 0.66, 1, 'sit ametLorem ipsum', 49);
INSERT INTO item (id, date_item, expected_amount, expected_quantity, item_labelle, sub_category) VALUES(901, '2018-07-14', 0.82, 1, 'lor sit ametLorem ip', 49);
INSERT INTO item (id, date_item, expected_amount, expected_quantity, item_labelle, sub_category) VALUES(882, '2018-08-28', 0.67, 1, 'ametLorem ipsum dolo', 49);
INSERT INTO item (id, date_item, expected_amount, expected_quantity, item_labelle, sub_category) VALUES(545, '2018-02-05', 0.50, 1, 'dolor sit ame', 49);
INSERT INTO item (id, date_item, expected_amount, expected_quantity, item_labelle, sub_category) VALUES(177, '2019-09-13', 0.73, 1, 'rem ipsum', 49);
INSERT INTO item (id, date_item, expected_amount, expected_quantity, item_labelle, sub_category) VALUES(103, '2020-01-22', 0.70, 1, 'orem ipsum dolor sit a', 49);
INSERT INTO item (id, date_item, expected_amount, expected_quantity, item_labelle, sub_category) VALUES(381, '2018-01-02', 0.46, 1, ' dolo', 48);
INSERT INTO item (id, date_item, expected_amount, expected_quantity, item_labelle, sub_category) VALUES(122, '2019-07-23', 0.62, 1, 'm ipsum dolor sit ametLo', 48);
INSERT INTO item (id, date_item, expected_amount, expected_quantity, item_labelle, sub_category) VALUES(469, '2019-06-17', 0.75, 1, 'm ipsum dolor ', 48);
INSERT INTO item (id, date_item, expected_amount, expected_quantity, item_labelle, sub_category) VALUES(522, '2019-12-08', 0.53, 1, 'etLorem', 48);
INSERT INTO item (id, date_item, expected_amount, expected_quantity, item_labelle, sub_category) VALUES(587, '2018-04-19', 0.87, 1, 'olor sit ametLore', 48);
INSERT INTO item (id, date_item, expected_amount, expected_quantity, item_labelle, sub_category) VALUES(561, '2019-05-23', 0.87, 1, 'orem i', 48);
INSERT INTO item (id, date_item, expected_amount, expected_quantity, item_labelle, sub_category) VALUES(165, '2019-03-05', 0.40, 1, 'rem i', 48);
INSERT INTO item (id, date_item, expected_amount, expected_quantity, item_labelle, sub_category) VALUES(335, '2019-11-10', 0.83, 1, 'tLorem ipsum', 48);
INSERT INTO item (id, date_item, expected_amount, expected_quantity, item_labelle, sub_category) VALUES(167, '2019-12-07', 0.87, 1, 'orem ipsum dolor sit am', 48);
INSERT INTO item (id, date_item, expected_amount, expected_quantity, item_labelle, sub_category) VALUES(489, '2018-02-26', 0.83, 1, 'psum dolor ', 48);
INSERT INTO item (id, date_item, expected_amount, expected_quantity, item_labelle, sub_category) VALUES(564, '2018-08-11', 0.37, 1, 'ipsum do', 48);
INSERT INTO item (id, date_item, expected_amount, expected_quantity, item_labelle, sub_category) VALUES(371, '2019-10-18', 0.65, 1, 'it ametLorem ipsum d', 48);
INSERT INTO item (id, date_item, expected_amount, expected_quantity, item_labelle, sub_category) VALUES(247, '2018-02-13', 0.38, 1, 'ametLorem ipsum dolor', 48);
INSERT INTO item (id, date_item, expected_amount, expected_quantity, item_labelle, sub_category) VALUES(829, '2019-07-22', 0.96, 1, 'r sit ametLor', 48);
INSERT INTO item (id, date_item, expected_amount, expected_quantity, item_labelle, sub_category) VALUES(206, '2019-02-26', 0.99, 1, 'orem i', 48);
INSERT INTO item (id, date_item, expected_amount, expected_quantity, item_labelle, sub_category) VALUES(248, '2020-02-15', 0.24, 1, 'metLorem ipsum', 48);
INSERT INTO item (id, date_item, expected_amount, expected_quantity, item_labelle, sub_category) VALUES(424, '2018-12-19', 0.44, 1, 'tLorem ipsum dol', 47);
INSERT INTO item (id, date_item, expected_amount, expected_quantity, item_labelle, sub_category) VALUES(488, '2019-09-23', 0.45, 1, 'sit ametLorem ip', 47);
INSERT INTO item (id, date_item, expected_amount, expected_quantity, item_labelle, sub_category) VALUES(322, '2018-04-11', 0.99, 1, 'sit ametLorem ipsum dol', 47);
INSERT INTO item (id, date_item, expected_amount, expected_quantity, item_labelle, sub_category) VALUES(332, '2019-12-12', 0.58, 1, 'psum dolor si', 47);
INSERT INTO item (id, date_item, expected_amount, expected_quantity, item_labelle, sub_category) VALUES(658, '2019-01-21', 0.37, 1, 'em ipsum do', 47);
INSERT INTO item (id, date_item, expected_amount, expected_quantity, item_labelle, sub_category) VALUES(836, '2018-10-11', 0.77, 1, 'sit a', 47);
INSERT INTO item (id, date_item, expected_amount, expected_quantity, item_labelle, sub_category) VALUES(952, '2019-10-20', 0.80, 1, 'ametLorem', 47);
INSERT INTO item (id, date_item, expected_amount, expected_quantity, item_labelle, sub_category) VALUES(730, '2019-09-29', 0.40, 1, 'metLorem ipsum', 47);
INSERT INTO item (id, date_item, expected_amount, expected_quantity, item_labelle, sub_category) VALUES(731, '2018-09-30', 0.26, 1, 'um dolo', 47);
INSERT INTO item (id, date_item, expected_amount, expected_quantity, item_labelle, sub_category) VALUES(79, '2018-05-06', 0.19, 1, 'dolor sit ametLorem', 47);
INSERT INTO item (id, date_item, expected_amount, expected_quantity, item_labelle, sub_category) VALUES(586, '2019-05-14', 0.14, 1, 'Lorem ipsum dolor sit amet', 47);
INSERT INTO item (id, date_item, expected_amount, expected_quantity, item_labelle, sub_category) VALUES(463, '2019-01-07', 0.94, 1, 'psum do', 47);
INSERT INTO item (id, date_item, expected_amount, expected_quantity, item_labelle, sub_category) VALUES(534, '2019-04-23', 0.70, 1, 'ipsum dol', 47);
INSERT INTO item (id, date_item, expected_amount, expected_quantity, item_labelle, sub_category) VALUES(20, '2019-06-10', 0.51, 1, 'it amet', 47);
INSERT INTO item (id, date_item, expected_amount, expected_quantity, item_labelle, sub_category) VALUES(936, '2018-07-08', 0.21, 1, 'um dolor sit ametLo', 47);
INSERT INTO item (id, date_item, expected_amount, expected_quantity, item_labelle, sub_category) VALUES(369, '2018-03-08', 0.27, 1, 'Lorem ipsum dolor sit ame', 47);
INSERT INTO item (id, date_item, expected_amount, expected_quantity, item_labelle, sub_category) VALUES(86, '2018-04-19', 0.81, 1, 'em ipsum d', 47);
INSERT INTO item (id, date_item, expected_amount, expected_quantity, item_labelle, sub_category) VALUES(358, '2020-01-13', 0.41, 1, 'um dolor sit ametLorem ips', 47);
INSERT INTO item (id, date_item, expected_amount, expected_quantity, item_labelle, sub_category) VALUES(949, '2019-09-13', 0.25, 1, 'it ametLorem ipsum dol', 47);
INSERT INTO item (id, date_item, expected_amount, expected_quantity, item_labelle, sub_category) VALUES(512, '2020-02-22', 0.19, 1, 'sum d', 47);
INSERT INTO item (id, date_item, expected_amount, expected_quantity, item_labelle, sub_category) VALUES(869, '2019-12-26', 0.94, 1, 'sit ametLorem ipsum', 47);
INSERT INTO item (id, date_item, expected_amount, expected_quantity, item_labelle, sub_category) VALUES(124, '2018-07-05', 0.27, 1, 'r sit amet', 47);
INSERT INTO item (id, date_item, expected_amount, expected_quantity, item_labelle, sub_category) VALUES(298, '2018-02-07', 0.96, 1, 'or sit ametLorem ipsum', 46);
INSERT INTO item (id, date_item, expected_amount, expected_quantity, item_labelle, sub_category) VALUES(990, '2019-10-12', 0.44, 1, 'or s', 46);
INSERT INTO item (id, date_item, expected_amount, expected_quantity, item_labelle, sub_category) VALUES(364, '2018-03-09', 0.41, 1, 'etLorem ipsu', 46);
INSERT INTO item (id, date_item, expected_amount, expected_quantity, item_labelle, sub_category) VALUES(536, '2018-04-09', 0.34, 1, 'dolor sit a', 46);
INSERT INTO item (id, date_item, expected_amount, expected_quantity, item_labelle, sub_category) VALUES(301, '2018-02-07', 0.56, 1, 'um do', 46);
INSERT INTO item (id, date_item, expected_amount, expected_quantity, item_labelle, sub_category) VALUES(541, '2019-11-02', 0.27, 1, 'm dolor si', 46);
INSERT INTO item (id, date_item, expected_amount, expected_quantity, item_labelle, sub_category) VALUES(859, '2018-09-05', 0.89, 1, 'sum dolor sit ame', 46);
INSERT INTO item (id, date_item, expected_amount, expected_quantity, item_labelle, sub_category) VALUES(319, '2019-01-01', 0.12, 1, 'sum dolor sit ametLo', 46);
INSERT INTO item (id, date_item, expected_amount, expected_quantity, item_labelle, sub_category) VALUES(317, '2018-07-24', 0.44, 1, 'r sit ametLorem', 46);
INSERT INTO item (id, date_item, expected_amount, expected_quantity, item_labelle, sub_category) VALUES(556, '2018-09-06', 0.42, 1, 'sit ametLore', 46);
INSERT INTO item (id, date_item, expected_amount, expected_quantity, item_labelle, sub_category) VALUES(385, '2020-01-04', 0.12, 1, 'm ipsum dolor sit a', 46);
INSERT INTO item (id, date_item, expected_amount, expected_quantity, item_labelle, sub_category) VALUES(213, '2018-12-18', 0.25, 1, ' dolor s', 45);
INSERT INTO item (id, date_item, expected_amount, expected_quantity, item_labelle, sub_category) VALUES(39, '2019-04-03', 0.14, 1, 'metL', 45);
INSERT INTO item (id, date_item, expected_amount, expected_quantity, item_labelle, sub_category) VALUES(305, '2019-06-01', 0.54, 1, 'tLorem ipsum dolor si', 45);
INSERT INTO item (id, date_item, expected_amount, expected_quantity, item_labelle, sub_category) VALUES(921, '2019-08-24', 0.48, 1, 'it ametLorem ip', 45);
INSERT INTO item (id, date_item, expected_amount, expected_quantity, item_labelle, sub_category) VALUES(377, '2019-11-05', 0.66, 1, 'dolor sit a', 45);
INSERT INTO item (id, date_item, expected_amount, expected_quantity, item_labelle, sub_category) VALUES(604, '2019-08-21', 0.65, 1, 'dolor sit ametLor', 45);
INSERT INTO item (id, date_item, expected_amount, expected_quantity, item_labelle, sub_category) VALUES(59, '2018-10-08', 0.90, 1, 'm dolo', 45);
INSERT INTO item (id, date_item, expected_amount, expected_quantity, item_labelle, sub_category) VALUES(529, '2018-08-16', 0.79, 1, 't ametLorem ip', 45);
INSERT INTO item (id, date_item, expected_amount, expected_quantity, item_labelle, sub_category) VALUES(279, '2018-07-21', 0.78, 1, 't ametLor', 45);
INSERT INTO item (id, date_item, expected_amount, expected_quantity, item_labelle, sub_category) VALUES(821, '2018-06-11', 0.41, 1, 'metLore', 45);
INSERT INTO item (id, date_item, expected_amount, expected_quantity, item_labelle, sub_category) VALUES(980, '2020-01-05', 0.58, 1, 'tLorem ipsum', 45);
INSERT INTO item (id, date_item, expected_amount, expected_quantity, item_labelle, sub_category) VALUES(308, '2019-06-04', 0.97, 1, 'sum dolor sit ametLore', 45);
INSERT INTO item (id, date_item, expected_amount, expected_quantity, item_labelle, sub_category) VALUES(133, '2019-02-10', 0.49, 1, 'm ipsum dolor sit ametLore', 45);
INSERT INTO item (id, date_item, expected_amount, expected_quantity, item_labelle, sub_category) VALUES(187, '2020-01-10', 0.58, 1, 'psum ', 45);
INSERT INTO item (id, date_item, expected_amount, expected_quantity, item_labelle, sub_category) VALUES(970, '2019-01-16', 0.85, 1, 'em ipsum dolor sit', 45);
INSERT INTO item (id, date_item, expected_amount, expected_quantity, item_labelle, sub_category) VALUES(455, '2019-07-08', 0.48, 1, 'or sit ametLor', 45);
INSERT INTO item (id, date_item, expected_amount, expected_quantity, item_labelle, sub_category) VALUES(392, '2018-06-25', 0.34, 1, 'ametLorem ips', 45);
INSERT INTO item (id, date_item, expected_amount, expected_quantity, item_labelle, sub_category) VALUES(62, '2019-07-04', 0.59, 1, 'dolor', 45);
INSERT INTO item (id, date_item, expected_amount, expected_quantity, item_labelle, sub_category) VALUES(729, '2018-05-20', 0.28, 1, 'olor sit ametLor', 45);
INSERT INTO item (id, date_item, expected_amount, expected_quantity, item_labelle, sub_category) VALUES(154, '2019-11-15', 0.25, 1, ' ipsum dolor ', 45);
INSERT INTO item (id, date_item, expected_amount, expected_quantity, item_labelle, sub_category) VALUES(457, '2019-04-18', 0.26, 1, 'em ipsum dolor sit ', 44);
INSERT INTO item (id, date_item, expected_amount, expected_quantity, item_labelle, sub_category) VALUES(84, '2018-01-09', 0.57, 1, 'olor sit ametLorem ip', 44);
INSERT INTO item (id, date_item, expected_amount, expected_quantity, item_labelle, sub_category) VALUES(864, '2019-05-27', 0.96, 1, 'ametLore', 44);
INSERT INTO item (id, date_item, expected_amount, expected_quantity, item_labelle, sub_category) VALUES(817, '2019-05-16', 0.59, 1, 'orem ipsum dol', 44);
INSERT INTO item (id, date_item, expected_amount, expected_quantity, item_labelle, sub_category) VALUES(860, '2019-08-05', 0.28, 1, 'Lorem ipsum d', 44);
INSERT INTO item (id, date_item, expected_amount, expected_quantity, item_labelle, sub_category) VALUES(798, '2018-01-15', 0.75, 1, ' dolor s', 44);
INSERT INTO item (id, date_item, expected_amount, expected_quantity, item_labelle, sub_category) VALUES(525, '2019-10-22', 0.58, 1, 'em ipsum dolor', 44);
INSERT INTO item (id, date_item, expected_amount, expected_quantity, item_labelle, sub_category) VALUES(152, '2019-09-02', 0.28, 1, 'ipsum d', 44);
INSERT INTO item (id, date_item, expected_amount, expected_quantity, item_labelle, sub_category) VALUES(513, '2019-11-06', 0.59, 1, 'rem ipsum dolor sit a', 44);
INSERT INTO item (id, date_item, expected_amount, expected_quantity, item_labelle, sub_category) VALUES(986, '2019-08-27', 0.43, 1, 'dolor sit ametLorem ipsu', 44);
INSERT INTO item (id, date_item, expected_amount, expected_quantity, item_labelle, sub_category) VALUES(35, '2018-02-01', 0.91, 1, 'dolor sit ametLorem ips', 44);
INSERT INTO item (id, date_item, expected_amount, expected_quantity, item_labelle, sub_category) VALUES(493, '2018-04-26', 0.53, 1, 'etLorem ipsum dolor sit', 44);
INSERT INTO item (id, date_item, expected_amount, expected_quantity, item_labelle, sub_category) VALUES(667, '2019-10-06', 0.25, 1, 'Lorem ipsum dolor sit am', 44);
INSERT INTO item (id, date_item, expected_amount, expected_quantity, item_labelle, sub_category) VALUES(752, '2018-06-18', 0.38, 1, 'or sit ametLorem ipsu', 44);
INSERT INTO item (id, date_item, expected_amount, expected_quantity, item_labelle, sub_category) VALUES(735, '2018-11-26', 0.63, 1, 'Lorem', 44);
INSERT INTO item (id, date_item, expected_amount, expected_quantity, item_labelle, sub_category) VALUES(681, '2018-09-11', 0.79, 1, 'lor sit am', 44);
INSERT INTO item (id, date_item, expected_amount, expected_quantity, item_labelle, sub_category) VALUES(407, '2019-09-13', 0.90, 1, 'ametLorem ipsum dolor sit', 44);
INSERT INTO item (id, date_item, expected_amount, expected_quantity, item_labelle, sub_category) VALUES(288, '2019-03-26', 0.77, 1, 'ametLorem ipsum dolor', 43);
INSERT INTO item (id, date_item, expected_amount, expected_quantity, item_labelle, sub_category) VALUES(627, '2018-05-13', 0.80, 1, 'dolor sit ametLorem ipsum', 43);
INSERT INTO item (id, date_item, expected_amount, expected_quantity, item_labelle, sub_category) VALUES(85, '2019-02-16', 0.40, 1, 'm ipsum dolor si', 43);
INSERT INTO item (id, date_item, expected_amount, expected_quantity, item_labelle, sub_category) VALUES(16, '2019-06-21', 0.62, 1, 'ametLorem ipsu', 43);
INSERT INTO item (id, date_item, expected_amount, expected_quantity, item_labelle, sub_category) VALUES(203, '2019-02-25', 0.25, 1, 'ipsum dolo', 43);
INSERT INTO item (id, date_item, expected_amount, expected_quantity, item_labelle, sub_category) VALUES(497, '2019-07-19', 0.33, 1, 'ametLor', 43);
INSERT INTO item (id, date_item, expected_amount, expected_quantity, item_labelle, sub_category) VALUES(425, '2018-09-14', 0.40, 1, 'rem ipsum dolor sit am', 43);
INSERT INTO item (id, date_item, expected_amount, expected_quantity, item_labelle, sub_category) VALUES(932, '2019-08-23', 0.49, 1, 't ametLor', 43);
INSERT INTO item (id, date_item, expected_amount, expected_quantity, item_labelle, sub_category) VALUES(607, '2019-04-09', 0.76, 1, 'olor sit ametLore', 43);
INSERT INTO item (id, date_item, expected_amount, expected_quantity, item_labelle, sub_category) VALUES(974, '2018-12-18', 0.35, 1, 'em ipsum do', 43);
INSERT INTO item (id, date_item, expected_amount, expected_quantity, item_labelle, sub_category) VALUES(300, '2018-02-10', 0.65, 1, 'orem ipsum dolor', 43);
INSERT INTO item (id, date_item, expected_amount, expected_quantity, item_labelle, sub_category) VALUES(693, '2020-02-09', 0.23, 1, 'r sit ametLorem i', 43);
INSERT INTO item (id, date_item, expected_amount, expected_quantity, item_labelle, sub_category) VALUES(297, '2018-02-03', 0.40, 1, 'ipsum do', 43);
INSERT INTO item (id, date_item, expected_amount, expected_quantity, item_labelle, sub_category) VALUES(786, '2018-03-10', 1.00, 1, 'ipsum dolor sit a', 43);
INSERT INTO item (id, date_item, expected_amount, expected_quantity, item_labelle, sub_category) VALUES(23, '2019-09-24', 0.74, 1, 'sum dolor sit ametLor', 43);
INSERT INTO item (id, date_item, expected_amount, expected_quantity, item_labelle, sub_category) VALUES(365, '2019-10-07', 0.56, 1, 't ametLorem ipsum do', 43);
INSERT INTO item (id, date_item, expected_amount, expected_quantity, item_labelle, sub_category) VALUES(908, '2020-01-30', 0.62, 1, 'rem ips', 43);
INSERT INTO item (id, date_item, expected_amount, expected_quantity, item_labelle, sub_category) VALUES(562, '2018-07-27', 0.21, 1, 't ametLorem ipsum', 43);
INSERT INTO item (id, date_item, expected_amount, expected_quantity, item_labelle, sub_category) VALUES(822, '2019-12-08', 0.97, 1, 'or sit ametL', 43);
INSERT INTO item (id, date_item, expected_amount, expected_quantity, item_labelle, sub_category) VALUES(739, '2018-05-30', 0.54, 1, 'sit ametLorem ipsum dolor', 42);
INSERT INTO item (id, date_item, expected_amount, expected_quantity, item_labelle, sub_category) VALUES(787, '2019-04-10', 0.54, 1, 'psum dolo', 42);
INSERT INTO item (id, date_item, expected_amount, expected_quantity, item_labelle, sub_category) VALUES(848, '2020-02-28', 0.50, 1, 'ipsum d', 42);
INSERT INTO item (id, date_item, expected_amount, expected_quantity, item_labelle, sub_category) VALUES(713, '2019-01-13', 0.42, 1, 'dolor sit ametLorem', 42);
INSERT INTO item (id, date_item, expected_amount, expected_quantity, item_labelle, sub_category) VALUES(25, '2019-01-01', 0.69, 1, 'sum dolor sit ame', 42);
INSERT INTO item (id, date_item, expected_amount, expected_quantity, item_labelle, sub_category) VALUES(4, '2019-05-03', 0.64, 1, 'm dolor sit ametLorem', 42);
INSERT INTO item (id, date_item, expected_amount, expected_quantity, item_labelle, sub_category) VALUES(276, '2019-02-25', 0.73, 1, 'Lorem ipsum dolor sit amet', 42);
INSERT INTO item (id, date_item, expected_amount, expected_quantity, item_labelle, sub_category) VALUES(603, '2019-03-20', 0.48, 1, 'em ip', 42);
INSERT INTO item (id, date_item, expected_amount, expected_quantity, item_labelle, sub_category) VALUES(535, '2020-02-27', 0.40, 1, 'rem ipsum dolo', 42);
INSERT INTO item (id, date_item, expected_amount, expected_quantity, item_labelle, sub_category) VALUES(466, '2019-10-06', 0.35, 1, 'ametLorem ipsum dolor', 42);
INSERT INTO item (id, date_item, expected_amount, expected_quantity, item_labelle, sub_category) VALUES(900, '2018-01-01', 0.35, 1, 'lor sit ametLo', 42);
INSERT INTO item (id, date_item, expected_amount, expected_quantity, item_labelle, sub_category) VALUES(492, '2018-07-24', 0.83, 1, 'em ipsum dolor sit ametLo', 42);
INSERT INTO item (id, date_item, expected_amount, expected_quantity, item_labelle, sub_category) VALUES(982, '2018-04-27', 0.19, 1, 'm ipsum ', 42);
INSERT INTO item (id, date_item, expected_amount, expected_quantity, item_labelle, sub_category) VALUES(753, '2018-01-18', 0.90, 1, 'r sit ametLorem ip', 42);
INSERT INTO item (id, date_item, expected_amount, expected_quantity, item_labelle, sub_category) VALUES(758, '2018-04-27', 0.66, 1, 't ametL', 42);
INSERT INTO item (id, date_item, expected_amount, expected_quantity, item_labelle, sub_category) VALUES(867, '2018-06-29', 0.15, 1, 'ipsum d', 42);
INSERT INTO item (id, date_item, expected_amount, expected_quantity, item_labelle, sub_category) VALUES(771, '2019-05-19', 0.39, 1, 'sit ametLorem ipsum dolo', 41);
INSERT INTO item (id, date_item, expected_amount, expected_quantity, item_labelle, sub_category) VALUES(772, '2018-01-27', 0.68, 1, 'metLo', 41);
INSERT INTO item (id, date_item, expected_amount, expected_quantity, item_labelle, sub_category) VALUES(502, '2019-03-17', 0.78, 1, 'psum dolor sit amet', 41);
INSERT INTO item (id, date_item, expected_amount, expected_quantity, item_labelle, sub_category) VALUES(659, '2020-01-16', 0.59, 1, 'orem ipsum dolor sit ame', 41);
INSERT INTO item (id, date_item, expected_amount, expected_quantity, item_labelle, sub_category) VALUES(312, '2018-09-11', 0.36, 1, 'ipsum dolor sit ametLorem', 41);
INSERT INTO item (id, date_item, expected_amount, expected_quantity, item_labelle, sub_category) VALUES(479, '2019-11-20', 0.67, 1, 'psum dolor', 41);
INSERT INTO item (id, date_item, expected_amount, expected_quantity, item_labelle, sub_category) VALUES(121, '2018-07-31', 0.86, 1, 'orem ipsum dolor sit am', 41);
INSERT INTO item (id, date_item, expected_amount, expected_quantity, item_labelle, sub_category) VALUES(846, '2019-03-28', 0.68, 1, 'metLorem ipsum dolor si', 41);
INSERT INTO item (id, date_item, expected_amount, expected_quantity, item_labelle, sub_category) VALUES(117, '2019-10-24', 0.18, 1, 'ipsum do', 41);
INSERT INTO item (id, date_item, expected_amount, expected_quantity, item_labelle, sub_category) VALUES(676, '2018-04-11', 0.16, 1, 'or sit ame', 41);
INSERT INTO item (id, date_item, expected_amount, expected_quantity, item_labelle, sub_category) VALUES(934, '2019-11-06', 0.93, 1, 'psum dolor ', 41);
INSERT INTO item (id, date_item, expected_amount, expected_quantity, item_labelle, sub_category) VALUES(620, '2019-10-17', 0.30, 1, 'm dolor sit ametLo', 41);
INSERT INTO item (id, date_item, expected_amount, expected_quantity, item_labelle, sub_category) VALUES(554, '2019-03-02', 0.70, 1, 'm dolor sit amet', 41);
INSERT INTO item (id, date_item, expected_amount, expected_quantity, item_labelle, sub_category) VALUES(253, '2019-06-09', 0.53, 1, 'lor sit ametLorem ipsu', 41);
INSERT INTO item (id, date_item, expected_amount, expected_quantity, item_labelle, sub_category) VALUES(215, '2018-08-28', 0.69, 1, 'sit ametLore', 41);
INSERT INTO item (id, date_item, expected_amount, expected_quantity, item_labelle, sub_category) VALUES(610, '2019-04-13', 0.91, 1, 'etLorem ipsum dolor sit', 41);
INSERT INTO item (id, date_item, expected_amount, expected_quantity, item_labelle, sub_category) VALUES(930, '2019-06-03', 0.42, 1, 'rem ipsum ', 41);
INSERT INTO item (id, date_item, expected_amount, expected_quantity, item_labelle, sub_category) VALUES(694, '2019-08-27', 0.94, 1, 'Lorem ipsum dolor si', 41);
INSERT INTO item (id, date_item, expected_amount, expected_quantity, item_labelle, sub_category) VALUES(704, '2019-06-19', 0.42, 1, 'olor sit ', 41);
INSERT INTO item (id, date_item, expected_amount, expected_quantity, item_labelle, sub_category) VALUES(403, '2019-12-24', 0.61, 1, 'ametLorem ipsum', 41);
INSERT INTO item (id, date_item, expected_amount, expected_quantity, item_labelle, sub_category) VALUES(686, '2019-10-26', 0.31, 1, 'ametLorem ipsum dolor', 40);
INSERT INTO item (id, date_item, expected_amount, expected_quantity, item_labelle, sub_category) VALUES(418, '2018-05-10', 0.39, 1, 'dolor sit ametLorem ips', 40);
INSERT INTO item (id, date_item, expected_amount, expected_quantity, item_labelle, sub_category) VALUES(892, '2019-09-19', 0.73, 1, 'tLorem ip', 40);
INSERT INTO item (id, date_item, expected_amount, expected_quantity, item_labelle, sub_category) VALUES(156, '2018-05-10', 0.43, 1, 'r sit ametLorem ipsum do', 40);
INSERT INTO item (id, date_item, expected_amount, expected_quantity, item_labelle, sub_category) VALUES(973, '2019-09-26', 0.80, 1, 'etLorem ipsum do', 40);
INSERT INTO item (id, date_item, expected_amount, expected_quantity, item_labelle, sub_category) VALUES(27, '2018-05-08', 0.69, 1, 'or sit ametLorem ipsum dol', 40);
INSERT INTO item (id, date_item, expected_amount, expected_quantity, item_labelle, sub_category) VALUES(88, '2019-11-30', 0.25, 1, 'etLorem ipsum dolor', 40);
INSERT INTO item (id, date_item, expected_amount, expected_quantity, item_labelle, sub_category) VALUES(870, '2019-09-04', 0.33, 1, 'psum dolor sit', 40);
INSERT INTO item (id, date_item, expected_amount, expected_quantity, item_labelle, sub_category) VALUES(975, '2018-12-19', 0.75, 1, 'lor sit ametLorem ipsum', 40);
INSERT INTO item (id, date_item, expected_amount, expected_quantity, item_labelle, sub_category) VALUES(654, '2019-06-16', 0.53, 1, 'm dolor ', 40);
INSERT INTO item (id, date_item, expected_amount, expected_quantity, item_labelle, sub_category) VALUES(419, '2020-01-09', 0.30, 1, 'sit ametLorem ipsum d', 40);
INSERT INTO item (id, date_item, expected_amount, expected_quantity, item_labelle, sub_category) VALUES(775, '2018-03-25', 0.18, 1, 'psum dolor sit a', 40);
INSERT INTO item (id, date_item, expected_amount, expected_quantity, item_labelle, sub_category) VALUES(383, '2019-05-31', 0.77, 1, 'or sit', 40);
INSERT INTO item (id, date_item, expected_amount, expected_quantity, item_labelle, sub_category) VALUES(44, '2019-12-27', 0.71, 1, 'sum dolor ', 40);
INSERT INTO item (id, date_item, expected_amount, expected_quantity, item_labelle, sub_category) VALUES(632, '2019-02-04', 0.36, 1, 'tLorem i', 40);
INSERT INTO item (id, date_item, expected_amount, expected_quantity, item_labelle, sub_category) VALUES(657, '2018-06-22', 0.64, 1, 'lor sit ametL', 40);
INSERT INTO item (id, date_item, expected_amount, expected_quantity, item_labelle, sub_category) VALUES(616, '2018-04-27', 0.25, 1, 'r sit ametLorem ipsum dolo', 40);
INSERT INTO item (id, date_item, expected_amount, expected_quantity, item_labelle, sub_category) VALUES(389, '2019-03-28', 0.73, 1, 'lor sit ametLo', 40);
INSERT INTO item (id, date_item, expected_amount, expected_quantity, item_labelle, sub_category) VALUES(54, '2019-02-05', 0.93, 1, 'sit ametLorem ip', 40);
INSERT INTO item (id, date_item, expected_amount, expected_quantity, item_labelle, sub_category) VALUES(953, '2019-03-04', 0.61, 1, 'rem ipsum dolor sit ame', 39);
INSERT INTO item (id, date_item, expected_amount, expected_quantity, item_labelle, sub_category) VALUES(834, '2018-01-08', 0.38, 1, 'rem ', 39);
INSERT INTO item (id, date_item, expected_amount, expected_quantity, item_labelle, sub_category) VALUES(192, '2019-02-27', 0.31, 1, 'Lore', 39);
INSERT INTO item (id, date_item, expected_amount, expected_quantity, item_labelle, sub_category) VALUES(875, '2020-03-09', 0.71, 1, 'ipsum', 39);
INSERT INTO item (id, date_item, expected_amount, expected_quantity, item_labelle, sub_category) VALUES(249, '2019-05-19', 0.43, 1, 'it ametLorem ipsum dolor', 39);
INSERT INTO item (id, date_item, expected_amount, expected_quantity, item_labelle, sub_category) VALUES(881, '2019-08-31', 0.12, 1, 'Lorem ipsum dolo', 39);
INSERT INTO item (id, date_item, expected_amount, expected_quantity, item_labelle, sub_category) VALUES(917, '2019-09-08', 0.95, 1, 'psum dol', 39);
INSERT INTO item (id, date_item, expected_amount, expected_quantity, item_labelle, sub_category) VALUES(345, '2020-01-08', 0.73, 1, 'ametLorem ipsum dolor', 39);
INSERT INTO item (id, date_item, expected_amount, expected_quantity, item_labelle, sub_category) VALUES(922, '2018-09-02', 0.30, 1, 't ametLorem', 39);
INSERT INTO item (id, date_item, expected_amount, expected_quantity, item_labelle, sub_category) VALUES(11, '2018-07-03', 0.93, 1, ' dolor', 39);
INSERT INTO item (id, date_item, expected_amount, expected_quantity, item_labelle, sub_category) VALUES(413, '2019-04-05', 0.18, 1, 'Lorem ipsum dolo', 39);
INSERT INTO item (id, date_item, expected_amount, expected_quantity, item_labelle, sub_category) VALUES(951, '2018-08-30', 0.16, 1, 'etLorem ipsum dolor', 39);
INSERT INTO item (id, date_item, expected_amount, expected_quantity, item_labelle, sub_category) VALUES(447, '2019-10-04', 0.95, 1, 'psum dolor sit ametLorem', 39);
INSERT INTO item (id, date_item, expected_amount, expected_quantity, item_labelle, sub_category) VALUES(665, '2018-01-25', 0.42, 1, ' ipsum dolor sit', 39);
INSERT INTO item (id, date_item, expected_amount, expected_quantity, item_labelle, sub_category) VALUES(985, '2019-07-20', 0.27, 1, 'orem', 39);
INSERT INTO item (id, date_item, expected_amount, expected_quantity, item_labelle, sub_category) VALUES(645, '2018-04-21', 0.50, 1, 'etLorem ipsum dolor sit', 39);
INSERT INTO item (id, date_item, expected_amount, expected_quantity, item_labelle, sub_category) VALUES(519, '2019-04-25', 0.85, 1, 'sit ametLorem', 39);
INSERT INTO item (id, date_item, expected_amount, expected_quantity, item_labelle, sub_category) VALUES(520, '2020-02-11', 0.64, 1, 'Lorem ipsum ', 39);
INSERT INTO item (id, date_item, expected_amount, expected_quantity, item_labelle, sub_category) VALUES(524, '2019-06-02', 0.23, 1, 'orem ipsum dolor sit ame', 39);
INSERT INTO item (id, date_item, expected_amount, expected_quantity, item_labelle, sub_category) VALUES(543, '2018-03-18', 0.13, 1, 'metLorem ipsum', 39);
INSERT INTO item (id, date_item, expected_amount, expected_quantity, item_labelle, sub_category) VALUES(546, '2019-10-13', 0.18, 1, 'um dolor sit a', 39);
INSERT INTO item (id, date_item, expected_amount, expected_quantity, item_labelle, sub_category) VALUES(582, '2019-10-06', 0.34, 1, 't ametL', 39);
INSERT INTO item (id, date_item, expected_amount, expected_quantity, item_labelle, sub_category) VALUES(619, '2019-07-20', 0.16, 1, 'r sit ametLore', 38);
INSERT INTO item (id, date_item, expected_amount, expected_quantity, item_labelle, sub_category) VALUES(551, '2018-08-24', 0.57, 1, 'ametLorem', 38);
INSERT INTO item (id, date_item, expected_amount, expected_quantity, item_labelle, sub_category) VALUES(638, '2019-06-22', 0.81, 1, 'ametLore', 38);
INSERT INTO item (id, date_item, expected_amount, expected_quantity, item_labelle, sub_category) VALUES(378, '2019-07-15', 0.43, 1, 'etLorem ipsum dolor sit', 38);
INSERT INTO item (id, date_item, expected_amount, expected_quantity, item_labelle, sub_category) VALUES(855, '2018-12-12', 0.97, 1, 'm ipsum dolor sit ametLor', 38);
INSERT INTO item (id, date_item, expected_amount, expected_quantity, item_labelle, sub_category) VALUES(368, '2018-07-05', 0.64, 1, 'it ametLorem ip', 38);
INSERT INTO item (id, date_item, expected_amount, expected_quantity, item_labelle, sub_category) VALUES(760, '2018-06-28', 0.41, 1, 'lor sit ametLorem ipsu', 38);
INSERT INTO item (id, date_item, expected_amount, expected_quantity, item_labelle, sub_category) VALUES(871, '2020-02-11', 0.70, 1, 'r sit ametLorem ipsum', 38);
INSERT INTO item (id, date_item, expected_amount, expected_quantity, item_labelle, sub_category) VALUES(594, '2019-06-18', 0.87, 1, 'sit ametLor', 38);
INSERT INTO item (id, date_item, expected_amount, expected_quantity, item_labelle, sub_category) VALUES(361, '2018-03-14', 0.63, 1, 'psum dolor s', 38);
INSERT INTO item (id, date_item, expected_amount, expected_quantity, item_labelle, sub_category) VALUES(256, '2019-04-16', 0.59, 1, 'Lorem ipsum dolor si', 38);
INSERT INTO item (id, date_item, expected_amount, expected_quantity, item_labelle, sub_category) VALUES(344, '2018-04-03', 0.66, 1, 'sum dolor sit ametLorem i', 38);
INSERT INTO item (id, date_item, expected_amount, expected_quantity, item_labelle, sub_category) VALUES(118, '2018-11-07', 0.16, 1, 'ametLorem ipsum dolo', 38);
INSERT INTO item (id, date_item, expected_amount, expected_quantity, item_labelle, sub_category) VALUES(351, '2019-11-28', 0.29, 1, 'um dolor sit', 38);
INSERT INTO item (id, date_item, expected_amount, expected_quantity, item_labelle, sub_category) VALUES(91, '2019-05-30', 0.45, 1, 'metLorem ipsum dolo', 38);
INSERT INTO item (id, date_item, expected_amount, expected_quantity, item_labelle, sub_category) VALUES(769, '2019-07-13', 0.74, 1, 'sum do', 38);
INSERT INTO item (id, date_item, expected_amount, expected_quantity, item_labelle, sub_category) VALUES(992, '2018-05-23', 0.62, 1, 'metLorem ipsu', 38);
INSERT INTO item (id, date_item, expected_amount, expected_quantity, item_labelle, sub_category) VALUES(824, '2019-01-27', 0.21, 1, ' ipsum dolor ', 37);
INSERT INTO item (id, date_item, expected_amount, expected_quantity, item_labelle, sub_category) VALUES(287, '2019-12-17', 0.84, 1, 'or sit ametL', 37);
INSERT INTO item (id, date_item, expected_amount, expected_quantity, item_labelle, sub_category) VALUES(116, '2020-03-10', 0.73, 1, 'or sit ametLorem ipsum', 37);
INSERT INTO item (id, date_item, expected_amount, expected_quantity, item_labelle, sub_category) VALUES(158, '2018-07-10', 0.97, 1, 'psum dolor sit a', 37);
INSERT INTO item (id, date_item, expected_amount, expected_quantity, item_labelle, sub_category) VALUES(596, '2018-07-03', 0.86, 1, ' dolor sit', 37);
INSERT INTO item (id, date_item, expected_amount, expected_quantity, item_labelle, sub_category) VALUES(831, '2018-07-17', 0.68, 1, 'r sit ametL', 37);
INSERT INTO item (id, date_item, expected_amount, expected_quantity, item_labelle, sub_category) VALUES(724, '2020-02-12', 0.66, 1, 'm dolor sit ametLo', 37);
INSERT INTO item (id, date_item, expected_amount, expected_quantity, item_labelle, sub_category) VALUES(911, '2019-01-13', 0.13, 1, ' dol', 37);
INSERT INTO item (id, date_item, expected_amount, expected_quantity, item_labelle, sub_category) VALUES(136, '2018-11-13', 0.23, 1, 'm ipsum dolor sit ametLore', 37);
INSERT INTO item (id, date_item, expected_amount, expected_quantity, item_labelle, sub_category) VALUES(198, '2019-07-10', 0.56, 1, 'dolor', 37);
INSERT INTO item (id, date_item, expected_amount, expected_quantity, item_labelle, sub_category) VALUES(500, '2019-07-27', 0.64, 1, 'it amet', 37);
INSERT INTO item (id, date_item, expected_amount, expected_quantity, item_labelle, sub_category) VALUES(208, '2018-03-27', 0.52, 1, 'em i', 37);
INSERT INTO item (id, date_item, expected_amount, expected_quantity, item_labelle, sub_category) VALUES(132, '2018-03-02', 0.47, 1, 'sit ametLorem ip', 37);
INSERT INTO item (id, date_item, expected_amount, expected_quantity, item_labelle, sub_category) VALUES(755, '2019-10-05', 0.17, 1, 'm do', 37);
INSERT INTO item (id, date_item, expected_amount, expected_quantity, item_labelle, sub_category) VALUES(71, '2018-04-28', 0.72, 1, 'ametLorem ips', 37);
INSERT INTO item (id, date_item, expected_amount, expected_quantity, item_labelle, sub_category) VALUES(815, '2019-07-01', 0.33, 1, 'sit ametLorem ipsum do', 37);
INSERT INTO item (id, date_item, expected_amount, expected_quantity, item_labelle, sub_category) VALUES(621, '2018-11-18', 0.46, 1, 'm dolor sit ametLorem ip', 37);
INSERT INTO item (id, date_item, expected_amount, expected_quantity, item_labelle, sub_category) VALUES(726, '2019-04-10', 0.48, 1, 'm ip', 37);
INSERT INTO item (id, date_item, expected_amount, expected_quantity, item_labelle, sub_category) VALUES(808, '2018-08-20', 0.53, 1, 'sum dolor sit ame', 37);
INSERT INTO item (id, date_item, expected_amount, expected_quantity, item_labelle, sub_category) VALUES(698, '2019-10-11', 0.85, 1, 'dolor sit ametLorem', 37);
INSERT INTO item (id, date_item, expected_amount, expected_quantity, item_labelle, sub_category) VALUES(280, '2020-02-27', 0.92, 1, 'rem ipsum dolor sit', 37);
INSERT INTO item (id, date_item, expected_amount, expected_quantity, item_labelle, sub_category) VALUES(862, '2019-06-01', 0.12, 1, 'etLorem ipsum dolor si', 37);
INSERT INTO item (id, date_item, expected_amount, expected_quantity, item_labelle, sub_category) VALUES(221, '2020-01-10', 0.87, 1, 'or sit ametL', 37);
INSERT INTO item (id, date_item, expected_amount, expected_quantity, item_labelle, sub_category) VALUES(623, '2018-01-13', 0.59, 1, 'Lorem ipsum ', 36);
INSERT INTO item (id, date_item, expected_amount, expected_quantity, item_labelle, sub_category) VALUES(825, '2018-12-29', 0.60, 1, 'psum dolor sit ametLo', 36);
INSERT INTO item (id, date_item, expected_amount, expected_quantity, item_labelle, sub_category) VALUES(963, '2018-03-28', 0.80, 1, 'sit ametLorem', 36);
INSERT INTO item (id, date_item, expected_amount, expected_quantity, item_labelle, sub_category) VALUES(446, '2019-10-08', 0.53, 1, 'sum dolor sit ', 36);
INSERT INTO item (id, date_item, expected_amount, expected_quantity, item_labelle, sub_category) VALUES(727, '2018-11-27', 0.36, 1, 'rem ', 36);
INSERT INTO item (id, date_item, expected_amount, expected_quantity, item_labelle, sub_category) VALUES(390, '2019-10-05', 0.89, 1, 'rem ipsum dolor s', 36);
INSERT INTO item (id, date_item, expected_amount, expected_quantity, item_labelle, sub_category) VALUES(55, '2019-11-12', 0.41, 1, 'sit ametLorem i', 36);
INSERT INTO item (id, date_item, expected_amount, expected_quantity, item_labelle, sub_category) VALUES(820, '2020-01-18', 0.80, 1, 'ipsum dolor sit ametLo', 36);
INSERT INTO item (id, date_item, expected_amount, expected_quantity, item_labelle, sub_category) VALUES(971, '2019-10-11', 0.46, 1, 'psum dolor sit ametLo', 36);
INSERT INTO item (id, date_item, expected_amount, expected_quantity, item_labelle, sub_category) VALUES(120, '2019-11-15', 0.63, 1, 'rem ipsum ', 36);
INSERT INTO item (id, date_item, expected_amount, expected_quantity, item_labelle, sub_category) VALUES(13, '2018-10-05', 0.87, 1, 'Lorem ipsum do', 36);
INSERT INTO item (id, date_item, expected_amount, expected_quantity, item_labelle, sub_category) VALUES(600, '2020-02-19', 0.27, 1, 'um dolor sit ametLorem ip', 36);
INSERT INTO item (id, date_item, expected_amount, expected_quantity, item_labelle, sub_category) VALUES(321, '2018-04-30', 0.10, 1, 'orem', 36);
INSERT INTO item (id, date_item, expected_amount, expected_quantity, item_labelle, sub_category) VALUES(28, '2019-02-12', 0.84, 1, 'metLorem ipsu', 36);
INSERT INTO item (id, date_item, expected_amount, expected_quantity, item_labelle, sub_category) VALUES(899, '2019-07-16', 0.68, 1, 'Lorem', 36);
INSERT INTO item (id, date_item, expected_amount, expected_quantity, item_labelle, sub_category) VALUES(508, '2018-07-01', 0.56, 1, ' dolor sit am', 36);
INSERT INTO item (id, date_item, expected_amount, expected_quantity, item_labelle, sub_category) VALUES(566, '2018-06-20', 0.74, 1, 'ametLorem ipsum d', 36);
INSERT INTO item (id, date_item, expected_amount, expected_quantity, item_labelle, sub_category) VALUES(169, '2018-08-21', 0.98, 1, ' sit ame', 36);
INSERT INTO item (id, date_item, expected_amount, expected_quantity, item_labelle, sub_category) VALUES(173, '2018-07-28', 0.25, 1, 'tLorem ips', 36);
INSERT INTO item (id, date_item, expected_amount, expected_quantity, item_labelle, sub_category) VALUES(222, '2019-06-15', 0.35, 1, 'lor sit am', 36);
INSERT INTO item (id, date_item, expected_amount, expected_quantity, item_labelle, sub_category) VALUES(259, '2019-09-26', 0.70, 1, 'em ipsum dolor sit ametL', 36);
INSERT INTO item (id, date_item, expected_amount, expected_quantity, item_labelle, sub_category) VALUES(426, '2018-05-12', 0.41, 1, 'or sit ametLorem ipsum dol', 36);
INSERT INTO item (id, date_item, expected_amount, expected_quantity, item_labelle, sub_category) VALUES(709, '2018-11-07', 0.32, 1, 'ipsum ', 36);
INSERT INTO item (id, date_item, expected_amount, expected_quantity, item_labelle, sub_category) VALUES(549, '2019-01-09', 13, 1, 'dolor sit ametLor', 35);
INSERT INTO item (id, date_item, expected_amount, expected_quantity, item_labelle, sub_category) VALUES(754, '2019-07-18', 13, 1, 'r sit ametLo', 35);
INSERT INTO item (id, date_item, expected_amount, expected_quantity, item_labelle, sub_category) VALUES(226, '2019-08-20', 0.16, 1, 'sit ', 35);
INSERT INTO item (id, date_item, expected_amount, expected_quantity, item_labelle, sub_category) VALUES(673, '2019-07-16', 0.55, 1, 'm dolor sit', 35);
INSERT INTO item (id, date_item, expected_amount, expected_quantity, item_labelle, sub_category) VALUES(588, '2019-10-05', 0.56, 1, 'tLorem', 35);
INSERT INTO item (id, date_item, expected_amount, expected_quantity, item_labelle, sub_category) VALUES(61, '2018-11-02', 0.54, 1, 'sit ametLorem ipsum', 35);
INSERT INTO item (id, date_item, expected_amount, expected_quantity, item_labelle, sub_category) VALUES(268, '2018-02-24', 0.23, 1, 'orem ipsum d', 35);
INSERT INTO item (id, date_item, expected_amount, expected_quantity, item_labelle, sub_category) VALUES(933, '2018-01-27', 0.76, 1, 'ipsum dolor', 35);
INSERT INTO item (id, date_item, expected_amount, expected_quantity, item_labelle, sub_category) VALUES(510, '2018-08-08', 0.96, 1, 'sit ametLorem ip', 35);
INSERT INTO item (id, date_item, expected_amount, expected_quantity, item_labelle, sub_category) VALUES(30, '2018-03-20', 0.35, 1, 'r sit ametLor', 35);
INSERT INTO item (id, date_item, expected_amount, expected_quantity, item_labelle, sub_category) VALUES(304, '2019-12-30', 0.87, 1, 'sum d', 35);
INSERT INTO item (id, date_item, expected_amount, expected_quantity, item_labelle, sub_category) VALUES(8, '2020-03-07', 0.34, 1, 'm dolor sit ametLo', 35);
INSERT INTO item (id, date_item, expected_amount, expected_quantity, item_labelle, sub_category) VALUES(918, '2019-06-25', 0.57, 1, 'orem ipsum dolor s', 35);
INSERT INTO item (id, date_item, expected_amount, expected_quantity, item_labelle, sub_category) VALUES(569, '2018-01-06', 0.24, 1, 't ametLore', 35);
INSERT INTO item (id, date_item, expected_amount, expected_quantity, item_labelle, sub_category) VALUES(129, '2019-04-24', 0.93, 1, 'etLorem ipsu', 35);
INSERT INTO item (id, date_item, expected_amount, expected_quantity, item_labelle, sub_category) VALUES(716, '2019-03-06', 0.53, 1, 'tLorem ipsum dolor sit', 35);
INSERT INTO item (id, date_item, expected_amount, expected_quantity, item_labelle, sub_category) VALUES(518, '2019-08-15', 0.22, 1, 't ametLorem ipsum', 35);
INSERT INTO item (id, date_item, expected_amount, expected_quantity, item_labelle, sub_category) VALUES(205, '2019-10-16', 0.69, 1, 'rem ipsum dolor sit', 35);
INSERT INTO item (id, date_item, expected_amount, expected_quantity, item_labelle, sub_category) VALUES(231, '2019-10-25', 0.58, 1, 'm dolor', 35);
INSERT INTO item (id, date_item, expected_amount, expected_quantity, item_labelle, sub_category) VALUES(857, '2019-08-07', 0.26, 1, 'rem ipsum dolor s', 35);
INSERT INTO item (id, date_item, expected_amount, expected_quantity, item_labelle, sub_category) VALUES(93, '2018-06-12', 0.86, 1, 'r sit amet', 35);
INSERT INTO item (id, date_item, expected_amount, expected_quantity, item_labelle, sub_category) VALUES(462, '2018-06-25', 0.98, 1, 'etLorem', 35);
INSERT INTO item (id, date_item, expected_amount, expected_quantity, item_labelle, sub_category) VALUES(101, '2018-02-26', 0.96, 1, ' ipsum dolor ', 35);
INSERT INTO item (id, date_item, expected_amount, expected_quantity, item_labelle, sub_category) VALUES(999, '2019-01-04', 0.14, 1, 'it ametLorem ipsum', 35);
INSERT INTO item (id, date_item, expected_amount, expected_quantity, item_labelle, sub_category) VALUES(964, '2018-09-29', 0.23, 1, 'm ipsum dolor', 35);
INSERT INTO item (id, date_item, expected_amount, expected_quantity, item_labelle, sub_category) VALUES(668, '2019-05-24', 0.56, 1, 'em ipsu', 34);
INSERT INTO item (id, date_item, expected_amount, expected_quantity, item_labelle, sub_category) VALUES(719, '2018-07-06', 0.84, 1, 'sum dolor sit ametLorem i', 34);
INSERT INTO item (id, date_item, expected_amount, expected_quantity, item_labelle, sub_category) VALUES(511, '2018-10-22', 0.89, 1, 'sit ametLorem ip', 34);
INSERT INTO item (id, date_item, expected_amount, expected_quantity, item_labelle, sub_category) VALUES(149, '2020-01-28', 0.54, 1, 'metLorem ips', 34);
INSERT INTO item (id, date_item, expected_amount, expected_quantity, item_labelle, sub_category) VALUES(515, '2019-04-01', 0.87, 1, 'it ametLorem ipsum dolor s', 34);
INSERT INTO item (id, date_item, expected_amount, expected_quantity, item_labelle, sub_category) VALUES(674, '2018-10-27', 0.16, 1, 'orem ipsum dolor s', 34);
INSERT INTO item (id, date_item, expected_amount, expected_quantity, item_labelle, sub_category) VALUES(99, '2018-12-22', 0.52, 1, 'ametLorem ipsum dol', 34);
INSERT INTO item (id, date_item, expected_amount, expected_quantity, item_labelle, sub_category) VALUES(589, '2019-05-30', 0.61, 1, 'olor sit a', 34);
INSERT INTO item (id, date_item, expected_amount, expected_quantity, item_labelle, sub_category) VALUES(806, '2018-08-28', 0.42, 1, ' ipsum dolor sit ame', 34);
INSERT INTO item (id, date_item, expected_amount, expected_quantity, item_labelle, sub_category) VALUES(539, '2019-01-24', 0.95, 1, 'etLorem ipsum', 34);
INSERT INTO item (id, date_item, expected_amount, expected_quantity, item_labelle, sub_category) VALUES(684, '2018-12-25', 0.67, 1, 'etLorem ipsum dolor si', 34);
INSERT INTO item (id, date_item, expected_amount, expected_quantity, item_labelle, sub_category) VALUES(264, '2019-12-02', 0.88, 1, 'em ipsum dolor sit ametLor', 34);
INSERT INTO item (id, date_item, expected_amount, expected_quantity, item_labelle, sub_category) VALUES(400, '2019-01-08', 0.97, 1, 'ametLorem ipsum dolor sit', 34);
INSERT INTO item (id, date_item, expected_amount, expected_quantity, item_labelle, sub_category) VALUES(550, '2018-12-19', 0.92, 1, 'm ipsum dolor sit ', 34);
INSERT INTO item (id, date_item, expected_amount, expected_quantity, item_labelle, sub_category) VALUES(929, '2018-08-05', 0.77, 1, 'psum dolor sit ame', 34);
INSERT INTO item (id, date_item, expected_amount, expected_quantity, item_labelle, sub_category) VALUES(960, '2019-10-20', 0.49, 1, ' dolor', 34);
INSERT INTO item (id, date_item, expected_amount, expected_quantity, item_labelle, sub_category) VALUES(762, '2020-01-05', 0.15, 1, 'etLorem ipsum dolor sit', 34);
INSERT INTO item (id, date_item, expected_amount, expected_quantity, item_labelle, sub_category) VALUES(243, '2018-11-27', 0.64, 1, 'em ipsum dolor sit ame', 34);
INSERT INTO item (id, date_item, expected_amount, expected_quantity, item_labelle, sub_category) VALUES(315, '2020-01-05', 0.97, 1, 'dolor sit ametL', 34);
INSERT INTO item (id, date_item, expected_amount, expected_quantity, item_labelle, sub_category) VALUES(343, '2019-12-17', 0.71, 1, 'ipsum dolor sit ametLor', 34);
INSERT INTO item (id, date_item, expected_amount, expected_quantity, item_labelle, sub_category) VALUES(940, '2019-09-27', 0.62, 1, 'Lorem ipsum dolor s', 33);
INSERT INTO item (id, date_item, expected_amount, expected_quantity, item_labelle, sub_category) VALUES(82, '2018-02-20', 0.83, 1, 'olor sit ametLore', 33);
INSERT INTO item (id, date_item, expected_amount, expected_quantity, item_labelle, sub_category) VALUES(437, '2019-06-05', 0.32, 1, 'ipsum dolor sit', 33);
INSERT INTO item (id, date_item, expected_amount, expected_quantity, item_labelle, sub_category) VALUES(571, '2018-10-17', 0.24, 1, 't ametLorem ipsum dolo', 33);
INSERT INTO item (id, date_item, expected_amount, expected_quantity, item_labelle, sub_category) VALUES(688, '2019-04-24', 0.93, 1, 'ametLorem', 33);
INSERT INTO item (id, date_item, expected_amount, expected_quantity, item_labelle, sub_category) VALUES(792, '2019-09-20', 0.55, 1, 'metLorem ipsum d', 33);
INSERT INTO item (id, date_item, expected_amount, expected_quantity, item_labelle, sub_category) VALUES(258, '2019-11-20', 0.53, 1, 'lor sit ametLorem ipsum do', 33);
INSERT INTO item (id, date_item, expected_amount, expected_quantity, item_labelle, sub_category) VALUES(672, '2019-12-17', 0.91, 1, 'em ipsum dolor sit ametL', 33);
INSERT INTO item (id, date_item, expected_amount, expected_quantity, item_labelle, sub_category) VALUES(777, '2019-09-03', 0.68, 1, 'em i', 33);
INSERT INTO item (id, date_item, expected_amount, expected_quantity, item_labelle, sub_category) VALUES(185, '2019-12-17', 0.97, 1, 'r sit am', 33);
INSERT INTO item (id, date_item, expected_amount, expected_quantity, item_labelle, sub_category) VALUES(639, '2019-04-20', 0.40, 1, 'orem ipsum do', 33);
INSERT INTO item (id, date_item, expected_amount, expected_quantity, item_labelle, sub_category) VALUES(417, '2018-11-26', 0.21, 1, 'sit amet', 33);
INSERT INTO item (id, date_item, expected_amount, expected_quantity, item_labelle, sub_category) VALUES(66, '2019-07-21', 0.56, 1, 'ipsum dolor sit ametLore', 33);
INSERT INTO item (id, date_item, expected_amount, expected_quantity, item_labelle, sub_category) VALUES(888, '2019-11-17', 0.12, 1, 'dolor sit ametLorem', 33);
INSERT INTO item (id, date_item, expected_amount, expected_quantity, item_labelle, sub_category) VALUES(476, '2018-11-04', 0.28, 1, 'Lorem ipsum dolor sit amet', 33);
INSERT INTO item (id, date_item, expected_amount, expected_quantity, item_labelle, sub_category) VALUES(401, '2019-03-02', 0.89, 1, 'metLorem ipsum', 33);
INSERT INTO item (id, date_item, expected_amount, expected_quantity, item_labelle, sub_category) VALUES(644, '2019-06-27', 0.27, 1, 'lor si', 33);
INSERT INTO item (id, date_item, expected_amount, expected_quantity, item_labelle, sub_category) VALUES(386, '2018-01-02', 0.32, 1, 'm dolor sit amet', 33);
INSERT INTO item (id, date_item, expected_amount, expected_quantity, item_labelle, sub_category) VALUES(164, '2018-03-10', 0.69, 1, 'lor sit ametLorem ipsum', 33);
INSERT INTO item (id, date_item, expected_amount, expected_quantity, item_labelle, sub_category) VALUES(135, '2019-01-09', 0.11, 1, 'amet', 33);
INSERT INTO item (id, date_item, expected_amount, expected_quantity, item_labelle, sub_category) VALUES(278, '2018-09-21', 0.97, 1, 'tLorem ipsum dolor sit a', 33);
INSERT INTO item (id, date_item, expected_amount, expected_quantity, item_labelle, sub_category) VALUES(886, '2019-08-17', 0.75, 1, 'sit ametLorem', 33);
INSERT INTO item (id, date_item, expected_amount, expected_quantity, item_labelle, sub_category) VALUES(329, '2019-01-21', 0.73, 1, 'it ametLo', 33);
INSERT INTO item (id, date_item, expected_amount, expected_quantity, item_labelle, sub_category) VALUES(981, '2019-11-22', 0.88, 1, 'metLorem ip', 33);
INSERT INTO item (id, date_item, expected_amount, expected_quantity, item_labelle, sub_category) VALUES(262, '2019-03-06', 0.28, 1, 'ametLor', 33);
INSERT INTO item (id, date_item, expected_amount, expected_quantity, item_labelle, sub_category) VALUES(252, '2019-02-18', 0.95, 1, 'm do', 32);
INSERT INTO item (id, date_item, expected_amount, expected_quantity, item_labelle, sub_category) VALUES(17, '2019-10-27', 0.70, 1, 't ametLorem ipsum dolor si', 32);
INSERT INTO item (id, date_item, expected_amount, expected_quantity, item_labelle, sub_category) VALUES(125, '2018-07-02', 0.16, 1, 'sum dol', 32);
INSERT INTO item (id, date_item, expected_amount, expected_quantity, item_labelle, sub_category) VALUES(130, '2018-04-04', 0.24, 1, 'or sit ametLorem ipsum do', 32);
INSERT INTO item (id, date_item, expected_amount, expected_quantity, item_labelle, sub_category) VALUES(194, '2018-06-27', 0.49, 1, 'r sit ametLor', 32);
INSERT INTO item (id, date_item, expected_amount, expected_quantity, item_labelle, sub_category) VALUES(236, '2019-09-18', 0.50, 1, 'sit ametLorem ipsum dolor', 32);
INSERT INTO item (id, date_item, expected_amount, expected_quantity, item_labelle, sub_category) VALUES(295, '2020-02-22', 0.30, 1, 'or sit ametLorem ipsum dol', 32);
INSERT INTO item (id, date_item, expected_amount, expected_quantity, item_labelle, sub_category) VALUES(310, '2019-08-07', 0.63, 1, 'm ipsum', 32);
INSERT INTO item (id, date_item, expected_amount, expected_quantity, item_labelle, sub_category) VALUES(311, '2019-09-12', 0.40, 1, 'or sit ametLorem ipsum d', 32);
INSERT INTO item (id, date_item, expected_amount, expected_quantity, item_labelle, sub_category) VALUES(342, '2018-01-27', 0.81, 1, 'um dolor sit am', 32);
INSERT INTO item (id, date_item, expected_amount, expected_quantity, item_labelle, sub_category) VALUES(354, '2018-11-13', 0.84, 1, 'um dolor s', 32);
INSERT INTO item (id, date_item, expected_amount, expected_quantity, item_labelle, sub_category) VALUES(439, '2019-03-11', 0.19, 1, 'ipsum dolor sit ametLo', 32);
INSERT INTO item (id, date_item, expected_amount, expected_quantity, item_labelle, sub_category) VALUES(477, '2019-01-05', 0.43, 1, ' ipsum dolor sit ame', 32);
INSERT INTO item (id, date_item, expected_amount, expected_quantity, item_labelle, sub_category) VALUES(548, '2018-05-18', 0.18, 1, 'or sit ', 32);
INSERT INTO item (id, date_item, expected_amount, expected_quantity, item_labelle, sub_category) VALUES(575, '2018-12-20', 0.67, 1, 'Lorem ipsum dolor sit ame', 32);
INSERT INTO item (id, date_item, expected_amount, expected_quantity, item_labelle, sub_category) VALUES(579, '2018-12-10', 0.24, 1, 'etLorem ipsum dolor', 32);
INSERT INTO item (id, date_item, expected_amount, expected_quantity, item_labelle, sub_category) VALUES(585, '2020-01-19', 0.38, 1, 'it ametLorem ipsum dolor', 32);
INSERT INTO item (id, date_item, expected_amount, expected_quantity, item_labelle, sub_category) VALUES(649, '2019-06-08', 0.72, 1, 'ipsum dolor sit ametLore', 32);
INSERT INTO item (id, date_item, expected_amount, expected_quantity, item_labelle, sub_category) VALUES(687, '2018-03-01', 0.34, 1, 'dolor sit', 32);
INSERT INTO item (id, date_item, expected_amount, expected_quantity, item_labelle, sub_category) VALUES(707, '2019-02-12', 1.00, 1, 'lor sit ametLor', 32);
INSERT INTO item (id, date_item, expected_amount, expected_quantity, item_labelle, sub_category) VALUES(766, '2018-11-25', 0.81, 1, 'sum dolor sit a', 32);
INSERT INTO item (id, date_item, expected_amount, expected_quantity, item_labelle, sub_category) VALUES(793, '2020-01-13', 0.52, 1, 'psum dolor sit ame', 32);
INSERT INTO item (id, date_item, expected_amount, expected_quantity, item_labelle, sub_category) VALUES(826, '2019-04-17', 0.72, 1, 'tLorem ipsum', 32);
INSERT INTO item (id, date_item, expected_amount, expected_quantity, item_labelle, sub_category) VALUES(838, '2020-03-18', 0.97, 1, 'psum dolor sit ', 32);
INSERT INTO item (id, date_item, expected_amount, expected_quantity, item_labelle, sub_category) VALUES(58, '2018-03-16', 0.34, 1, 'ametL', 31);
INSERT INTO item (id, date_item, expected_amount, expected_quantity, item_labelle, sub_category) VALUES(850, '2018-05-31', 0.69, 1, 'olor sit ametLorem ipsu', 31);
INSERT INTO item (id, date_item, expected_amount, expected_quantity, item_labelle, sub_category) VALUES(359, '2018-07-10', 0.11, 1, 'tLorem ipsum dolor sit am', 31);
INSERT INTO item (id, date_item, expected_amount, expected_quantity, item_labelle, sub_category) VALUES(137, '2019-11-23', 0.49, 1, ' ipsum d', 31);
INSERT INTO item (id, date_item, expected_amount, expected_quantity, item_labelle, sub_category) VALUES(912, '2019-02-25', 0.47, 1, 'olor sit ametL', 31);
INSERT INTO item (id, date_item, expected_amount, expected_quantity, item_labelle, sub_category) VALUES(703, '2018-07-28', 0.33, 1, 'orem ipsum dolor sit ametL', 31);
INSERT INTO item (id, date_item, expected_amount, expected_quantity, item_labelle, sub_category) VALUES(591, '2019-08-31', 0.16, 1, 'tLorem ipsum', 31);
INSERT INTO item (id, date_item, expected_amount, expected_quantity, item_labelle, sub_category) VALUES(919, '2018-12-25', 0.43, 1, ' ipsum dolor sit', 31);
INSERT INTO item (id, date_item, expected_amount, expected_quantity, item_labelle, sub_category) VALUES(282, '2019-09-08', 0.55, 1, 'r sit ', 31);
INSERT INTO item (id, date_item, expected_amount, expected_quantity, item_labelle, sub_category) VALUES(685, '2018-02-13', 0.55, 1, 'etLorem ipsu', 31);
INSERT INTO item (id, date_item, expected_amount, expected_quantity, item_labelle, sub_category) VALUES(683, '2020-01-06', 0.14, 1, 't ametLore', 31);
INSERT INTO item (id, date_item, expected_amount, expected_quantity, item_labelle, sub_category) VALUES(255, '2018-06-07', 0.48, 1, 'tLorem ipsum dolor s', 31);
INSERT INTO item (id, date_item, expected_amount, expected_quantity, item_labelle, sub_category) VALUES(679, '2020-01-13', 0.70, 1, 'lor sit ametLo', 31);
INSERT INTO item (id, date_item, expected_amount, expected_quantity, item_labelle, sub_category) VALUES(204, '2018-09-01', 0.38, 1, 'ipsum dolor sit ', 31);
INSERT INTO item (id, date_item, expected_amount, expected_quantity, item_labelle, sub_category) VALUES(625, '2019-05-09', 0.22, 1, 'etLore', 31);
INSERT INTO item (id, date_item, expected_amount, expected_quantity, item_labelle, sub_category) VALUES(414, '2018-03-08', 0.70, 1, 'rem i', 31);
INSERT INTO item (id, date_item, expected_amount, expected_quantity, item_labelle, sub_category) VALUES(498, '2018-04-20', 0.50, 1, 'm dolor ', 31);
INSERT INTO item (id, date_item, expected_amount, expected_quantity, item_labelle, sub_category) VALUES(217, '2019-05-13', 0.80, 1, 'lor sit', 31);
INSERT INTO item (id, date_item, expected_amount, expected_quantity, item_labelle, sub_category) VALUES(527, '2019-11-23', 0.19, 1, ' ipsum dolor ', 31);
INSERT INTO item (id, date_item, expected_amount, expected_quantity, item_labelle, sub_category) VALUES(260, '2019-02-04', 0.55, 1, 'm dolor sit', 30);
INSERT INTO item (id, date_item, expected_amount, expected_quantity, item_labelle, sub_category) VALUES(72, '2019-12-16', 0.47, 1, ' ipsum d', 30);
INSERT INTO item (id, date_item, expected_amount, expected_quantity, item_labelle, sub_category) VALUES(211, '2018-07-31', 0.34, 1, 't amet', 30);
INSERT INTO item (id, date_item, expected_amount, expected_quantity, item_labelle, sub_category) VALUES(148, '2019-07-18', 0.86, 1, 'lor sit ametLorem', 30);
INSERT INTO item (id, date_item, expected_amount, expected_quantity, item_labelle, sub_category) VALUES(715, '2020-02-12', 0.36, 1, 'etLorem ipsum dolor sit a', 30);
INSERT INTO item (id, date_item, expected_amount, expected_quantity, item_labelle, sub_category) VALUES(70, '2019-04-09', 0.95, 1, 'metLorem ipsum dolor sit', 30);
INSERT INTO item (id, date_item, expected_amount, expected_quantity, item_labelle, sub_category) VALUES(749, '2018-04-25', 0.51, 1, 'it ametLorem ipsu', 30);
INSERT INTO item (id, date_item, expected_amount, expected_quantity, item_labelle, sub_category) VALUES(744, '2019-09-08', 0.53, 1, 'rem ', 30);
INSERT INTO item (id, date_item, expected_amount, expected_quantity, item_labelle, sub_category) VALUES(95, '2019-07-24', 0.31, 1, 'ametLorem ipsum dolor', 30);
INSERT INTO item (id, date_item, expected_amount, expected_quantity, item_labelle, sub_category) VALUES(432, '2018-11-28', 0.63, 1, 'etLorem ipsu', 30);
INSERT INTO item (id, date_item, expected_amount, expected_quantity, item_labelle, sub_category) VALUES(52, '2018-10-24', 0.15, 1, 'sum dolo', 30);
INSERT INTO item (id, date_item, expected_amount, expected_quantity, item_labelle, sub_category) VALUES(699, '2020-02-03', 0.96, 1, 'ipsum ', 30);
INSERT INTO item (id, date_item, expected_amount, expected_quantity, item_labelle, sub_category) VALUES(347, '2019-08-28', 0.57, 1, 'it ametLorem ipsum dolor', 30);
INSERT INTO item (id, date_item, expected_amount, expected_quantity, item_labelle, sub_category) VALUES(22, '2019-05-21', 0.89, 1, 'it a', 30);
INSERT INTO item (id, date_item, expected_amount, expected_quantity, item_labelle, sub_category) VALUES(678, '2018-08-25', 0.34, 1, 'olor sit ametLor', 30);
INSERT INTO item (id, date_item, expected_amount, expected_quantity, item_labelle, sub_category) VALUES(532, '2019-12-24', 0.43, 1, 'dolor sit ametLorem', 30);
INSERT INTO item (id, date_item, expected_amount, expected_quantity, item_labelle, sub_category) VALUES(107, '2019-08-18', 0.83, 1, 'olor sit ametLorem ipsum', 30);
INSERT INTO item (id, date_item, expected_amount, expected_quantity, item_labelle, sub_category) VALUES(40, '2018-09-11', 0.60, 1, 'sit ametLorem', 29);
INSERT INTO item (id, date_item, expected_amount, expected_quantity, item_labelle, sub_category) VALUES(230, '2018-10-02', 0.48, 1, 'r sit ametLorem ips', 29);
INSERT INTO item (id, date_item, expected_amount, expected_quantity, item_labelle, sub_category) VALUES(1, '2018-09-06', 0.48, 1, 'sit ametLorem ipsum d', 29);
INSERT INTO item (id, date_item, expected_amount, expected_quantity, item_labelle, sub_category) VALUES(968, '2018-04-12', 0.46, 1, 'it ametLor', 29);
INSERT INTO item (id, date_item, expected_amount, expected_quantity, item_labelle, sub_category) VALUES(774, '2018-02-28', 0.87, 1, 'sit ametLo', 29);
INSERT INTO item (id, date_item, expected_amount, expected_quantity, item_labelle, sub_category) VALUES(962, '2018-02-19', 0.62, 1, 'm ipsum dolor sit amet', 29);
INSERT INTO item (id, date_item, expected_amount, expected_quantity, item_labelle, sub_category) VALUES(68, '2018-10-05', 0.73, 1, ' sit ame', 29);
INSERT INTO item (id, date_item, expected_amount, expected_quantity, item_labelle, sub_category) VALUES(486, '2019-07-11', 0.54, 1, 'Lorem ipsum dolor sit amet', 29);
INSERT INTO item (id, date_item, expected_amount, expected_quantity, item_labelle, sub_category) VALUES(666, '2018-07-16', 0.30, 1, 'dolor sit ametLorem i', 29);
INSERT INTO item (id, date_item, expected_amount, expected_quantity, item_labelle, sub_category) VALUES(598, '2020-03-19', 0.72, 1, 'psum dolor sit ametLo', 29);
INSERT INTO item (id, date_item, expected_amount, expected_quantity, item_labelle, sub_category) VALUES(189, '2019-02-06', 0.34, 1, 'sit amet', 29);
INSERT INTO item (id, date_item, expected_amount, expected_quantity, item_labelle, sub_category) VALUES(563, '2019-08-19', 0.25, 1, 'sum dolor sit amet', 29);
INSERT INTO item (id, date_item, expected_amount, expected_quantity, item_labelle, sub_category) VALUES(15, '2020-01-21', 0.30, 1, 'it ametLorem ipsum', 29);
INSERT INTO item (id, date_item, expected_amount, expected_quantity, item_labelle, sub_category) VALUES(449, '2019-01-26', 0.71, 1, 'etLorem ipsu', 29);
INSERT INTO item (id, date_item, expected_amount, expected_quantity, item_labelle, sub_category) VALUES(914, '2018-12-10', 0.28, 1, 'sit a', 29);
INSERT INTO item (id, date_item, expected_amount, expected_quantity, item_labelle, sub_category) VALUES(750, '2019-05-10', 0.77, 1, 'em ipsu', 29);
INSERT INTO item (id, date_item, expected_amount, expected_quantity, item_labelle, sub_category) VALUES(296, '2018-01-10', 0.63, 1, 'dolor sit ametLorem ipsu', 29);
INSERT INTO item (id, date_item, expected_amount, expected_quantity, item_labelle, sub_category) VALUES(993, '2019-08-06', 0.81, 1, 'ipsum dolor', 28);
INSERT INTO item (id, date_item, expected_amount, expected_quantity, item_labelle, sub_category) VALUES(272, '2019-12-30', 0.49, 1, 'Lorem ipsum dolor sit ', 28);
INSERT INTO item (id, date_item, expected_amount, expected_quantity, item_labelle, sub_category) VALUES(662, '2019-05-29', 0.44, 1, 'or s', 28);
INSERT INTO item (id, date_item, expected_amount, expected_quantity, item_labelle, sub_category) VALUES(583, '2018-01-13', 0.95, 1, 'm ipsum dolor sit ametLo', 28);
INSERT INTO item (id, date_item, expected_amount, expected_quantity, item_labelle, sub_category) VALUES(483, '2019-12-18', 0.77, 1, 'or sit ametLorem', 28);
INSERT INTO item (id, date_item, expected_amount, expected_quantity, item_labelle, sub_category) VALUES(841, '2018-11-27', 0.44, 1, 'r sit a', 28);
INSERT INTO item (id, date_item, expected_amount, expected_quantity, item_labelle, sub_category) VALUES(671, '2019-06-24', 1.00, 1, 'or sit ametLorem ipsu', 28);
INSERT INTO item (id, date_item, expected_amount, expected_quantity, item_labelle, sub_category) VALUES(828, '2019-01-30', 0.34, 1, 'dolor sit ametLorem ipsu', 28);
INSERT INTO item (id, date_item, expected_amount, expected_quantity, item_labelle, sub_category) VALUES(422, '2018-06-12', 0.25, 1, 'etLorem ipsum dolor', 28);
INSERT INTO item (id, date_item, expected_amount, expected_quantity, item_labelle, sub_category) VALUES(552, '2019-02-23', 0.26, 1, 'dolor sit', 28);
INSERT INTO item (id, date_item, expected_amount, expected_quantity, item_labelle, sub_category) VALUES(557, '2018-12-09', 0.77, 1, 'ametLorem ip', 28);
INSERT INTO item (id, date_item, expected_amount, expected_quantity, item_labelle, sub_category) VALUES(410, '2019-01-28', 0.33, 1, 'um do', 28);
INSERT INTO item (id, date_item, expected_amount, expected_quantity, item_labelle, sub_category) VALUES(102, '2019-10-13', 0.32, 1, 'psum dolor', 28);
INSERT INTO item (id, date_item, expected_amount, expected_quantity, item_labelle, sub_category) VALUES(346, '2019-04-07', 0.69, 1, ' ipsum dol', 28);
INSERT INTO item (id, date_item, expected_amount, expected_quantity, item_labelle, sub_category) VALUES(111, '2018-01-24', 0.25, 1, 'um dolor sit ametLor', 28);
INSERT INTO item (id, date_item, expected_amount, expected_quantity, item_labelle, sub_category) VALUES(355, '2019-02-22', 0.50, 1, 'lor sit ', 28);
INSERT INTO item (id, date_item, expected_amount, expected_quantity, item_labelle, sub_category) VALUES(270, '2020-03-07', 0.30, 1, 'lor sit ametLorem ipsu', 28);
INSERT INTO item (id, date_item, expected_amount, expected_quantity, item_labelle, sub_category) VALUES(695, '2018-05-13', 0.11, 1, 'm ipsum dolor sit ametLore', 28);
INSERT INTO item (id, date_item, expected_amount, expected_quantity, item_labelle, sub_category) VALUES(171, '2019-02-18', 0.83, 1, 'Lore', 28);
INSERT INTO item (id, date_item, expected_amount, expected_quantity, item_labelle, sub_category) VALUES(889, '2018-11-14', 0.18, 1, 'tLorem ipsum dolor sit ame', 28);
INSERT INTO item (id, date_item, expected_amount, expected_quantity, item_labelle, sub_category) VALUES(436, '2019-10-14', 0.17, 1, ' ipsum dolo', 28);
INSERT INTO item (id, date_item, expected_amount, expected_quantity, item_labelle, sub_category) VALUES(233, '2019-10-04', 0.33, 1, 'sit ametLorem ipsum dolor', 28);
INSERT INTO item (id, date_item, expected_amount, expected_quantity, item_labelle, sub_category) VALUES(915, '2019-02-10', 0.71, 1, ' ipsum dolo', 28);
INSERT INTO item (id, date_item, expected_amount, expected_quantity, item_labelle, sub_category) VALUES(773, '2019-02-10', 0.79, 1, 'tLorem ipsum dolor', 28);
INSERT INTO item (id, date_item, expected_amount, expected_quantity, item_labelle, sub_category) VALUES(967, '2018-12-29', 0.10, 1, 'ametLorem ipsum dolo', 28);
INSERT INTO item (id, date_item, expected_amount, expected_quantity, item_labelle, sub_category) VALUES(643, '2019-07-25', 0.58, 1, 'rem ipsum dolor ', 28);
INSERT INTO item (id, date_item, expected_amount, expected_quantity, item_labelle, sub_category) VALUES(578, '2019-10-15', 0.39, 1, 'tLorem ipsum do', 27);
INSERT INTO item (id, date_item, expected_amount, expected_quantity, item_labelle, sub_category) VALUES(894, '2019-06-28', 0.70, 1, 'it ametLorem ipsum do', 27);
INSERT INTO item (id, date_item, expected_amount, expected_quantity, item_labelle, sub_category) VALUES(227, '2019-01-12', 0.92, 1, 'r sit amet', 27);
INSERT INTO item (id, date_item, expected_amount, expected_quantity, item_labelle, sub_category) VALUES(969, '2019-10-14', 0.98, 1, 'sum dolor sit a', 27);
INSERT INTO item (id, date_item, expected_amount, expected_quantity, item_labelle, sub_category) VALUES(92, '2020-01-26', 0.82, 1, 'Lore', 27);
INSERT INTO item (id, date_item, expected_amount, expected_quantity, item_labelle, sub_category) VALUES(453, '2019-03-27', 0.20, 1, 'sit ', 27);
INSERT INTO item (id, date_item, expected_amount, expected_quantity, item_labelle, sub_category) VALUES(615, '2019-12-19', 0.36, 1, 'lor sit ', 27);
INSERT INTO item (id, date_item, expected_amount, expected_quantity, item_labelle, sub_category) VALUES(261, '2018-05-24', 0.28, 1, 'metLorem ipsum dolor s', 27);
INSERT INTO item (id, date_item, expected_amount, expected_quantity, item_labelle, sub_category) VALUES(67, '2020-01-30', 0.42, 1, 'olor sit ametLorem ipsum d', 27);
INSERT INTO item (id, date_item, expected_amount, expected_quantity, item_labelle, sub_category) VALUES(628, '2019-01-24', 0.34, 1, 'dolor sit ametLore', 27);
INSERT INTO item (id, date_item, expected_amount, expected_quantity, item_labelle, sub_category) VALUES(37, '2018-12-26', 0.52, 1, 'or sit amet', 27);
INSERT INTO item (id, date_item, expected_amount, expected_quantity, item_labelle, sub_category) VALUES(976, '2020-01-05', 0.65, 1, 'lor sit ametLorem ipsum d', 27);
INSERT INTO item (id, date_item, expected_amount, expected_quantity, item_labelle, sub_category) VALUES(485, '2019-09-29', 0.65, 1, 'ametLorem ipsum dolor sit', 27);
INSERT INTO item (id, date_item, expected_amount, expected_quantity, item_labelle, sub_category) VALUES(781, '2018-03-22', 0.12, 1, 'dolor ', 27);
INSERT INTO item (id, date_item, expected_amount, expected_quantity, item_labelle, sub_category) VALUES(503, '2019-04-14', 0.83, 1, 'olor s', 27);
INSERT INTO item (id, date_item, expected_amount, expected_quantity, item_labelle, sub_category) VALUES(640, '2018-11-24', 0.39, 1, 't am', 27);
INSERT INTO item (id, date_item, expected_amount, expected_quantity, item_labelle, sub_category) VALUES(216, '2019-04-06', 0.83, 1, 'orem', 27);
INSERT INTO item (id, date_item, expected_amount, expected_quantity, item_labelle, sub_category) VALUES(360, '2020-02-18', 0.88, 1, 'ametL', 27);
INSERT INTO item (id, date_item, expected_amount, expected_quantity, item_labelle, sub_category) VALUES(481, '2018-03-23', 0.91, 1, ' ipsum dolor sit ame', 27);
INSERT INTO item (id, date_item, expected_amount, expected_quantity, item_labelle, sub_category) VALUES(943, '2019-11-29', 0.39, 1, 'm dolor ', 27);
INSERT INTO item (id, date_item, expected_amount, expected_quantity, item_labelle, sub_category) VALUES(872, '2018-05-30', 0.34, 1, 'dolor sit ametLore', 27);
INSERT INTO item (id, date_item, expected_amount, expected_quantity, item_labelle, sub_category) VALUES(983, '2019-05-13', 0.21, 1, 'r sit ', 26);
INSERT INTO item (id, date_item, expected_amount, expected_quantity, item_labelle, sub_category) VALUES(946, '2019-02-05', 0.28, 1, 'em i', 26);
INSERT INTO item (id, date_item, expected_amount, expected_quantity, item_labelle, sub_category) VALUES(590, '2018-10-18', 0.34, 1, 'it ametLorem ips', 26);
INSERT INTO item (id, date_item, expected_amount, expected_quantity, item_labelle, sub_category) VALUES(732, '2020-02-16', 0.19, 1, 'ametLorem ipsum dolor s', 26);
INSERT INTO item (id, date_item, expected_amount, expected_quantity, item_labelle, sub_category) VALUES(468, '2018-03-27', 0.45, 1, 'dolor sit', 26);
INSERT INTO item (id, date_item, expected_amount, expected_quantity, item_labelle, sub_category) VALUES(700, '2020-02-09', 0.65, 1, 'sum dolo', 26);
INSERT INTO item (id, date_item, expected_amount, expected_quantity, item_labelle, sub_category) VALUES(370, '2019-10-08', 0.44, 1, 'ipsum dolor sit ametLo', 26);
INSERT INTO item (id, date_item, expected_amount, expected_quantity, item_labelle, sub_category) VALUES(19, '2019-04-30', 0.54, 1, 'sum dolor sit ametL', 26);
INSERT INTO item (id, date_item, expected_amount, expected_quantity, item_labelle, sub_category) VALUES(517, '2020-01-09', 0.95, 1, 'metLorem ips', 26);
INSERT INTO item (id, date_item, expected_amount, expected_quantity, item_labelle, sub_category) VALUES(87, '2018-03-06', 0.30, 1, 'rem ipsum dolor ', 26);
INSERT INTO item (id, date_item, expected_amount, expected_quantity, item_labelle, sub_category) VALUES(480, '2018-06-15', 0.40, 1, 'it ametLorem ipsum dol', 26);
INSERT INTO item (id, date_item, expected_amount, expected_quantity, item_labelle, sub_category) VALUES(161, '2019-12-19', 0.73, 1, ' ipsum dolor sit ame', 26);
INSERT INTO item (id, date_item, expected_amount, expected_quantity, item_labelle, sub_category) VALUES(923, '2019-02-21', 0.83, 1, 'metLorem ip', 26);
INSERT INTO item (id, date_item, expected_amount, expected_quantity, item_labelle, sub_category) VALUES(32, '2019-02-23', 0.34, 1, 'it ametLorem ipsum dolor s', 26);
INSERT INTO item (id, date_item, expected_amount, expected_quantity, item_labelle, sub_category) VALUES(14, '2018-07-12', 0.62, 1, 'psum dolor sit ametLorem', 26);
INSERT INTO item (id, date_item, expected_amount, expected_quantity, item_labelle, sub_category) VALUES(957, '2018-11-01', 0.82, 1, 'metLorem ipsum do', 26);
INSERT INTO item (id, date_item, expected_amount, expected_quantity, item_labelle, sub_category) VALUES(201, '2018-08-28', 0.69, 1, 'olor sit amet', 26);
INSERT INTO item (id, date_item, expected_amount, expected_quantity, item_labelle, sub_category) VALUES(902, '2018-01-23', 0.89, 1, 'psum do', 26);
INSERT INTO item (id, date_item, expected_amount, expected_quantity, item_labelle, sub_category) VALUES(328, '2018-02-13', 0.79, 1, 'sit am', 26);
INSERT INTO item (id, date_item, expected_amount, expected_quantity, item_labelle, sub_category) VALUES(200, '2019-04-08', 0.10, 1, 'rem ipsu', 26);
INSERT INTO item (id, date_item, expected_amount, expected_quantity, item_labelle, sub_category) VALUES(33, '2018-04-17', 0.48, 1, 'um dolor si', 25);
INSERT INTO item (id, date_item, expected_amount, expected_quantity, item_labelle, sub_category) VALUES(823, '2018-04-06', 0.96, 1, 'em ipsum dolor', 25);
INSERT INTO item (id, date_item, expected_amount, expected_quantity, item_labelle, sub_category) VALUES(811, '2019-12-28', 0.24, 1, 'psum dolor sit ', 25);
INSERT INTO item (id, date_item, expected_amount, expected_quantity, item_labelle, sub_category) VALUES(816, '2018-07-04', 0.69, 1, 'psum dol', 25);
INSERT INTO item (id, date_item, expected_amount, expected_quantity, item_labelle, sub_category) VALUES(558, '2019-06-24', 0.89, 1, 'ametL', 25);
INSERT INTO item (id, date_item, expected_amount, expected_quantity, item_labelle, sub_category) VALUES(618, '2018-06-23', 0.43, 1, ' ipsum dolor sit', 25);
INSERT INTO item (id, date_item, expected_amount, expected_quantity, item_labelle, sub_category) VALUES(547, '2019-12-05', 0.86, 1, 'um dolor sit ametLorem i', 25);
INSERT INTO item (id, date_item, expected_amount, expected_quantity, item_labelle, sub_category) VALUES(273, '2019-02-24', 0.30, 1, 'olor sit am', 25);
INSERT INTO item (id, date_item, expected_amount, expected_quantity, item_labelle, sub_category) VALUES(636, '2019-05-02', 0.52, 1, 'ametLore', 25);
INSERT INTO item (id, date_item, expected_amount, expected_quantity, item_labelle, sub_category) VALUES(945, '2019-01-30', 0.72, 1, 'r sit', 25);
INSERT INTO item (id, date_item, expected_amount, expected_quantity, item_labelle, sub_category) VALUES(119, '2018-07-30', 0.79, 1, 'Lorem ipsum dolor s', 25);
INSERT INTO item (id, date_item, expected_amount, expected_quantity, item_labelle, sub_category) VALUES(435, '2020-02-21', 0.81, 1, 'em ipsum dolor', 25);
INSERT INTO item (id, date_item, expected_amount, expected_quantity, item_labelle, sub_category) VALUES(420, '2018-02-06', 0.52, 1, 'ametLorem ips', 25);
INSERT INTO item (id, date_item, expected_amount, expected_quantity, item_labelle, sub_category) VALUES(140, '2019-05-03', 0.44, 1, 'psum dolor sit ametLor', 25);
INSERT INTO item (id, date_item, expected_amount, expected_quantity, item_labelle, sub_category) VALUES(718, '2019-05-16', 0.31, 1, 'Lorem ipsum dol', 25);
INSERT INTO item (id, date_item, expected_amount, expected_quantity, item_labelle, sub_category) VALUES(394, '2018-10-05', 0.41, 1, 'ipsum dolo', 25);
INSERT INTO item (id, date_item, expected_amount, expected_quantity, item_labelle, sub_category) VALUES(738, '2018-05-03', 0.10, 1, 'orem ipsum dolor sit a', 25);
INSERT INTO item (id, date_item, expected_amount, expected_quantity, item_labelle, sub_category) VALUES(176, '2019-11-30', 0.24, 1, 'tLor', 25);
INSERT INTO item (id, date_item, expected_amount, expected_quantity, item_labelle, sub_category) VALUES(751, '2019-03-22', 0.87, 1, 'metLorem ipsum do', 25);
INSERT INTO item (id, date_item, expected_amount, expected_quantity, item_labelle, sub_category) VALUES(879, '2019-08-27', 0.47, 1, 'lor sit ', 25);
INSERT INTO item (id, date_item, expected_amount, expected_quantity, item_labelle, sub_category) VALUES(220, '2019-04-15', 0.26, 1, 'm ipsum', 25);
INSERT INTO item (id, date_item, expected_amount, expected_quantity, item_labelle, sub_category) VALUES(224, '2019-12-18', 0.83, 1, 'em ipsum d', 25);
INSERT INTO item (id, date_item, expected_amount, expected_quantity, item_labelle, sub_category) VALUES(284, '2018-11-06', 0.67, 1, 'metLorem ips', 25);
INSERT INTO item (id, date_item, expected_amount, expected_quantity, item_labelle, sub_category) VALUES(338, '2018-10-07', 0.83, 1, 'ametLorem ipsum dolor', 24);
INSERT INTO item (id, date_item, expected_amount, expected_quantity, item_labelle, sub_category) VALUES(833, '2018-11-28', 0.42, 1, ' ipsum dolor', 24);
INSERT INTO item (id, date_item, expected_amount, expected_quantity, item_labelle, sub_category) VALUES(254, '2018-06-10', 0.48, 1, 'ipsum dolor sit ame', 24);
INSERT INTO item (id, date_item, expected_amount, expected_quantity, item_labelle, sub_category) VALUES(438, '2019-11-04', 0.63, 1, 'it ametLorem ipsum dolo', 24);
INSERT INTO item (id, date_item, expected_amount, expected_quantity, item_labelle, sub_category) VALUES(832, '2020-02-01', 0.97, 1, 'rem ipsum dolor s', 24);
INSERT INTO item (id, date_item, expected_amount, expected_quantity, item_labelle, sub_category) VALUES(188, '2020-03-01', 0.47, 1, 't ametLorem i', 24);
INSERT INTO item (id, date_item, expected_amount, expected_quantity, item_labelle, sub_category) VALUES(96, '2018-11-20', 0.17, 1, 'or sit ametLorem ipsu', 24);
INSERT INTO item (id, date_item, expected_amount, expected_quantity, item_labelle, sub_category) VALUES(90, '2019-09-24', 0.78, 1, 'rem ipsum dolo', 24);
INSERT INTO item (id, date_item, expected_amount, expected_quantity, item_labelle, sub_category) VALUES(935, '2018-01-13', 0.95, 1, 'ametLorem ipsum dolo', 24);
INSERT INTO item (id, date_item, expected_amount, expected_quantity, item_labelle, sub_category) VALUES(948, '2019-08-26', 0.94, 1, 'orem ips', 24);
INSERT INTO item (id, date_item, expected_amount, expected_quantity, item_labelle, sub_category) VALUES(767, '2018-02-14', 0.62, 1, 'em ipsum dolor sit', 24);
INSERT INTO item (id, date_item, expected_amount, expected_quantity, item_labelle, sub_category) VALUES(959, '2018-04-14', 0.20, 1, 'it ametL', 24);
INSERT INTO item (id, date_item, expected_amount, expected_quantity, item_labelle, sub_category) VALUES(521, '2019-08-30', 0.63, 1, 'sit ametLor', 24);
INSERT INTO item (id, date_item, expected_amount, expected_quantity, item_labelle, sub_category) VALUES(239, '2019-03-04', 0.49, 1, 'orem ip', 24);
INSERT INTO item (id, date_item, expected_amount, expected_quantity, item_labelle, sub_category) VALUES(637, '2018-04-12', 0.27, 1, 'm dolor sit ametLorem ip', 24);
INSERT INTO item (id, date_item, expected_amount, expected_quantity, item_labelle, sub_category) VALUES(629, '2019-12-29', 0.77, 1, 'ametLorem', 24);
INSERT INTO item (id, date_item, expected_amount, expected_quantity, item_labelle, sub_category) VALUES(581, '2019-12-30', 0.31, 1, 'dolor sit am', 24);
INSERT INTO item (id, date_item, expected_amount, expected_quantity, item_labelle, sub_category) VALUES(617, '2018-07-31', 0.49, 1, 'etLore', 24);
INSERT INTO item (id, date_item, expected_amount, expected_quantity, item_labelle, sub_category) VALUES(810, '2019-01-24', 0.27, 1, 'm ipsum d', 24);
INSERT INTO item (id, date_item, expected_amount, expected_quantity, item_labelle, sub_category) VALUES(291, '2020-01-27', 0.93, 1, 'm dolor ', 24);
INSERT INTO item (id, date_item, expected_amount, expected_quantity, item_labelle, sub_category) VALUES(835, '2020-01-06', 0.63, 1, 'ametLorem ipsum dol', 24);
INSERT INTO item (id, date_item, expected_amount, expected_quantity, item_labelle, sub_category) VALUES(809, '2019-01-25', 0.22, 1, 'dolor sit am', 24);
INSERT INTO item (id, date_item, expected_amount, expected_quantity, item_labelle, sub_category) VALUES(241, '2018-01-22', 0.88, 1, 'm ipsum dolor ', 24);
INSERT INTO item (id, date_item, expected_amount, expected_quantity, item_labelle, sub_category) VALUES(160, '2018-08-30', 0.24, 1, 'ametLorem ipsum dolor si', 24);
INSERT INTO item (id, date_item, expected_amount, expected_quantity, item_labelle, sub_category) VALUES(155, '2018-01-18', 0.23, 1, ' dolor sit', 24);
INSERT INTO item (id, date_item, expected_amount, expected_quantity, item_labelle, sub_category) VALUES(423, '2018-09-30', 0.79, 1, 'sit ametLorem ips', 24);
INSERT INTO item (id, date_item, expected_amount, expected_quantity, item_labelle, sub_category) VALUES(887, '2018-07-31', 0.26, 1, 'ametLorem ipsum dolor', 23);
INSERT INTO item (id, date_item, expected_amount, expected_quantity, item_labelle, sub_category) VALUES(267, '2018-10-31', 0.93, 1, 'it ametLo', 23);
INSERT INTO item (id, date_item, expected_amount, expected_quantity, item_labelle, sub_category) VALUES(178, '2018-12-19', 0.41, 1, ' dolor sit ', 23);
INSERT INTO item (id, date_item, expected_amount, expected_quantity, item_labelle, sub_category) VALUES(229, '2019-04-26', 0.37, 1, 'sit ametLor', 23);
INSERT INTO item (id, date_item, expected_amount, expected_quantity, item_labelle, sub_category) VALUES(710, '2019-12-13', 0.44, 1, 'Lorem ipsum dolor', 23);
INSERT INTO item (id, date_item, expected_amount, expected_quantity, item_labelle, sub_category) VALUES(648, '2018-07-23', 0.79, 1, 'Lorem ipsum dolor sit am', 23);
INSERT INTO item (id, date_item, expected_amount, expected_quantity, item_labelle, sub_category) VALUES(64, '2018-11-21', 0.67, 1, 'ametLorem ipsum do', 23);
INSERT INTO item (id, date_item, expected_amount, expected_quantity, item_labelle, sub_category) VALUES(384, '2019-01-29', 0.20, 1, 'm ip', 23);
INSERT INTO item (id, date_item, expected_amount, expected_quantity, item_labelle, sub_category) VALUES(574, '2019-11-30', 0.43, 1, 'lor sit ametLorem ip', 23);
INSERT INTO item (id, date_item, expected_amount, expected_quantity, item_labelle, sub_category) VALUES(559, '2018-03-25', 0.21, 1, 'sit a', 23);
INSERT INTO item (id, date_item, expected_amount, expected_quantity, item_labelle, sub_category) VALUES(375, '2020-01-13', 0.73, 1, 'tLorem ipsum dolor sit', 23);
INSERT INTO item (id, date_item, expected_amount, expected_quantity, item_labelle, sub_category) VALUES(144, '2018-06-06', 0.99, 1, 'olor ', 23);
INSERT INTO item (id, date_item, expected_amount, expected_quantity, item_labelle, sub_category) VALUES(372, '2018-08-17', 0.24, 1, 'metLorem ipsum dol', 23);
INSERT INTO item (id, date_item, expected_amount, expected_quantity, item_labelle, sub_category) VALUES(759, '2019-03-12', 0.85, 1, 'etLorem ipsum d', 23);
INSERT INTO item (id, date_item, expected_amount, expected_quantity, item_labelle, sub_category) VALUES(801, '2018-02-23', 0.15, 1, 'dolor', 23);
INSERT INTO item (id, date_item, expected_amount, expected_quantity, item_labelle, sub_category) VALUES(81, '2019-12-19', 0.48, 1, 't ametLore', 23);
INSERT INTO item (id, date_item, expected_amount, expected_quantity, item_labelle, sub_category) VALUES(944, '2018-06-09', 0.30, 1, 'sum dolor sit a', 23);
INSERT INTO item (id, date_item, expected_amount, expected_quantity, item_labelle, sub_category) VALUES(763, '2019-08-09', 0.23, 1, 'um dolor sit ametLore', 23);
INSERT INTO item (id, date_item, expected_amount, expected_quantity, item_labelle, sub_category) VALUES(664, '2019-01-12', 0.60, 1, 'psum dolor ', 23);
INSERT INTO item (id, date_item, expected_amount, expected_quantity, item_labelle, sub_category) VALUES(572, '2020-01-20', 0.43, 1, 'dolor sit ', 23);
INSERT INTO item (id, date_item, expected_amount, expected_quantity, item_labelle, sub_category) VALUES(74, '2018-01-24', 0.12, 1, 'sit ametLorem', 23);
INSERT INTO item (id, date_item, expected_amount, expected_quantity, item_labelle, sub_category) VALUES(622, '2020-03-18', 0.23, 1, 'or sit ametLorem', 23);
INSERT INTO item (id, date_item, expected_amount, expected_quantity, item_labelle, sub_category) VALUES(491, '2020-01-12', 0.83, 1, 'r sit a', 23);
INSERT INTO item (id, date_item, expected_amount, expected_quantity, item_labelle, sub_category) VALUES(499, '2018-12-05', 0.54, 1, 'Lorem ipsum dolor sit am', 23);
INSERT INTO item (id, date_item, expected_amount, expected_quantity, item_labelle, sub_category) VALUES(509, '2019-07-30', 0.37, 1, 'or sit ametLorem', 22);
INSERT INTO item (id, date_item, expected_amount, expected_quantity, item_labelle, sub_category) VALUES(576, '2019-03-08', 0.56, 1, 'etLorem ipsum dolo', 22);
INSERT INTO item (id, date_item, expected_amount, expected_quantity, item_labelle, sub_category) VALUES(606, '2020-02-01', 0.44, 1, 'orem ipsum ', 22);
INSERT INTO item (id, date_item, expected_amount, expected_quantity, item_labelle, sub_category) VALUES(608, '2018-05-06', 0.87, 1, 'psum dolor sit ame', 22);
INSERT INTO item (id, date_item, expected_amount, expected_quantity, item_labelle, sub_category) VALUES(540, '2018-06-19', 0.50, 1, 'm dolo', 22);
INSERT INTO item (id, date_item, expected_amount, expected_quantity, item_labelle, sub_category) VALUES(523, '2019-12-14', 0.64, 1, 'ipsum dolor', 22);
INSERT INTO item (id, date_item, expected_amount, expected_quantity, item_labelle, sub_category) VALUES(717, '2019-10-05', 0.22, 1, 'orem ipsum dolor si', 22);
INSERT INTO item (id, date_item, expected_amount, expected_quantity, item_labelle, sub_category) VALUES(402, '2018-06-18', 0.95, 1, 't ametLorem ips', 22);
INSERT INTO item (id, date_item, expected_amount, expected_quantity, item_labelle, sub_category) VALUES(734, '2019-10-22', 0.88, 1, 'ipsum dolor sit a', 22);
INSERT INTO item (id, date_item, expected_amount, expected_quantity, item_labelle, sub_category) VALUES(339, '2018-07-27', 0.12, 1, 'orem ip', 22);
INSERT INTO item (id, date_item, expected_amount, expected_quantity, item_labelle, sub_category) VALUES(337, '2018-10-21', 0.36, 1, 'psum dolor sit amet', 22);
INSERT INTO item (id, date_item, expected_amount, expected_quantity, item_labelle, sub_category) VALUES(330, '2018-07-18', 0.33, 1, 'm ip', 22);
INSERT INTO item (id, date_item, expected_amount, expected_quantity, item_labelle, sub_category) VALUES(768, '2020-01-02', 0.43, 1, 'sit ametLorem', 22);
INSERT INTO item (id, date_item, expected_amount, expected_quantity, item_labelle, sub_category) VALUES(309, '2018-07-05', 0.44, 1, 'um d', 22);
INSERT INTO item (id, date_item, expected_amount, expected_quantity, item_labelle, sub_category) VALUES(998, '2018-02-07', 0.67, 1, 'ipsum dolor sit ametLorem', 22);
INSERT INTO item (id, date_item, expected_amount, expected_quantity, item_labelle, sub_category) VALUES(813, '2020-03-12', 0.60, 1, 'tLorem ipsum dolor', 22);
INSERT INTO item (id, date_item, expected_amount, expected_quantity, item_labelle, sub_category) VALUES(232, '2018-12-29', 0.50, 1, 'Lorem ipsum dolor sit ame', 22);
INSERT INTO item (id, date_item, expected_amount, expected_quantity, item_labelle, sub_category) VALUES(183, '2018-03-01', 0.83, 1, 'm dolor', 22);
INSERT INTO item (id, date_item, expected_amount, expected_quantity, item_labelle, sub_category) VALUES(141, '2019-10-15', 0.62, 1, 'orem ipsum', 22);
INSERT INTO item (id, date_item, expected_amount, expected_quantity, item_labelle, sub_category) VALUES(913, '2018-01-04', 0.21, 1, 'ametLorem i', 22);
INSERT INTO item (id, date_item, expected_amount, expected_quantity, item_labelle, sub_category) VALUES(925, '2020-01-31', 0.76, 1, 'ametLorem ipsum dolor', 22);
INSERT INTO item (id, date_item, expected_amount, expected_quantity, item_labelle, sub_category) VALUES(926, '2018-09-14', 0.78, 1, 'sit ametLorem ipsum', 22);
INSERT INTO item (id, date_item, expected_amount, expected_quantity, item_labelle, sub_category) VALUES(63, '2019-07-27', 0.53, 1, 'or sit ametLorem i', 22);
INSERT INTO item (id, date_item, expected_amount, expected_quantity, item_labelle, sub_category) VALUES(57, '2018-03-27', 0.16, 1, 'metLo', 22);
INSERT INTO item (id, date_item, expected_amount, expected_quantity, item_labelle, sub_category) VALUES(29, '2019-05-15', 0.78, 1, 'sit ametLore', 22);
INSERT INTO item (id, date_item, expected_amount, expected_quantity, item_labelle, sub_category) VALUES(770, '2018-02-05', 0.43, 1, 'um dol', 21);
INSERT INTO item (id, date_item, expected_amount, expected_quantity, item_labelle, sub_category) VALUES(50, '2019-02-26', 0.24, 1, 'm dolor sit ametLorem', 21);
INSERT INTO item (id, date_item, expected_amount, expected_quantity, item_labelle, sub_category) VALUES(861, '2019-05-11', 0.50, 1, 'rem ipsum dolor sit amet', 21);
INSERT INTO item (id, date_item, expected_amount, expected_quantity, item_labelle, sub_category) VALUES(180, '2019-10-22', 0.18, 1, 'um d', 21);
INSERT INTO item (id, date_item, expected_amount, expected_quantity, item_labelle, sub_category) VALUES(568, '2019-03-01', 0.34, 1, 'sum dolor sit ametLorem', 21);
INSERT INTO item (id, date_item, expected_amount, expected_quantity, item_labelle, sub_category) VALUES(790, '2019-03-21', 0.69, 1, 'sum dolor', 21);
INSERT INTO item (id, date_item, expected_amount, expected_quantity, item_labelle, sub_category) VALUES(514, '2020-03-15', 0.75, 2, 'metLorem ipsum', 21);
INSERT INTO item (id, date_item, expected_amount, expected_quantity, item_labelle, sub_category) VALUES(150, '2018-09-05', 0.38, 2, 'sum do', 21);
INSERT INTO item (id, date_item, expected_amount, expected_quantity, item_labelle, sub_category) VALUES(139, '2018-09-15', 0.91, 2, 't ametLorem ipsum d', 21);
INSERT INTO item (id, date_item, expected_amount, expected_quantity, item_labelle, sub_category) VALUES(225, '2020-01-25', 0.18, 2, 'ametLorem ipsum dolor si', 21);
INSERT INTO item (id, date_item, expected_amount, expected_quantity, item_labelle, sub_category) VALUES(783, '2019-01-19', 0.90, 2, 't ametLorem ipsum dolo', 21);
INSERT INTO item (id, date_item, expected_amount, expected_quantity, item_labelle, sub_category) VALUES(6, '2018-06-11', 0.57, 2, 'etLor', 21);
INSERT INTO item (id, date_item, expected_amount, expected_quantity, item_labelle, sub_category) VALUES(314, '2018-12-06', 0.35, 2, 'ipsum dol', 21);
INSERT INTO item (id, date_item, expected_amount, expected_quantity, item_labelle, sub_category) VALUES(728, '2018-04-30', 0.37, 2, 't ametLorem ipsum dolor si', 20);
INSERT INTO item (id, date_item, expected_amount, expected_quantity, item_labelle, sub_category) VALUES(151, '2019-01-11', 0.43, 2, 'dolor sit ametLorem ips', 20);
INSERT INTO item (id, date_item, expected_amount, expected_quantity, item_labelle, sub_category) VALUES(609, '2018-04-12', 0.13, 2, 'lor sit ametLorem ipsum d', 20);
INSERT INTO item (id, date_item, expected_amount, expected_quantity, item_labelle, sub_category) VALUES(145, '2018-03-12', 0.42, 2, 'm ipsum dolor', 20);
INSERT INTO item (id, date_item, expected_amount, expected_quantity, item_labelle, sub_category) VALUES(903, '2018-02-05', 0.57, 2, 'psum dolor sit ametLor', 20);
INSERT INTO item (id, date_item, expected_amount, expected_quantity, item_labelle, sub_category) VALUES(48, '2018-02-14', 0.17, 2, 'ipsum dolor sit ametLore', 20);
INSERT INTO item (id, date_item, expected_amount, expected_quantity, item_labelle, sub_category) VALUES(807, '2018-11-14', 0.96, 2, 'sum dolor sit ', 20);
INSERT INTO item (id, date_item, expected_amount, expected_quantity, item_labelle, sub_category) VALUES(965, '2019-06-17', 0.44, 2, ' ipsum dolor ', 20);
INSERT INTO item (id, date_item, expected_amount, expected_quantity, item_labelle, sub_category) VALUES(626, '2020-01-08', 0.11, 2, 'm ipsum dolor si', 20);
INSERT INTO item (id, date_item, expected_amount, expected_quantity, item_labelle, sub_category) VALUES(601, '2018-05-11', 0.32, 2, 'rem ipsum dol', 20);
INSERT INTO item (id, date_item, expected_amount, expected_quantity, item_labelle, sub_category) VALUES(646, '2019-02-05', 0.55, 2, 'ipsum dolor', 20);
INSERT INTO item (id, date_item, expected_amount, expected_quantity, item_labelle, sub_category) VALUES(283, '2019-02-03', 0.25, 2, 'Lorem ipsum dolor sit amet', 20);
INSERT INTO item (id, date_item, expected_amount, expected_quantity, item_labelle, sub_category) VALUES(45, '2018-04-02', 0.42, 2, 'm dolo', 20);
INSERT INTO item (id, date_item, expected_amount, expected_quantity, item_labelle, sub_category) VALUES(478, '2018-11-17', 0.73, 2, 'um dolor', 20);
INSERT INTO item (id, date_item, expected_amount, expected_quantity, item_labelle, sub_category) VALUES(207, '2019-07-14', 0.81, 2, 'rem ipsum dolor', 20);
INSERT INTO item (id, date_item, expected_amount, expected_quantity, item_labelle, sub_category) VALUES(89, '2019-03-15', 0.17, 2, 'or sit ametLo', 20);
INSERT INTO item (id, date_item, expected_amount, expected_quantity, item_labelle, sub_category) VALUES(196, '2018-02-20', 0.84, 2, 'orem ', 20);
INSERT INTO item (id, date_item, expected_amount, expected_quantity, item_labelle, sub_category) VALUES(451, '2019-02-03', 0.40, 2, 'sit ametL', 20);
INSERT INTO item (id, date_item, expected_amount, expected_quantity, item_labelle, sub_category) VALUES(874, '2018-09-13', 0.97, 2, 'um d', 20);
INSERT INTO item (id, date_item, expected_amount, expected_quantity, item_labelle, sub_category) VALUES(876, '2019-06-06', 0.61, 2, 'orem ipsum dolor sit a', 20);
INSERT INTO item (id, date_item, expected_amount, expected_quantity, item_labelle, sub_category) VALUES(448, '2019-10-02', 0.79, 2, 'orem ipsum d', 20);
INSERT INTO item (id, date_item, expected_amount, expected_quantity, item_labelle, sub_category) VALUES(123, '2018-09-02', 0.32, 2, 'lor sit ametLorem', 20);
INSERT INTO item (id, date_item, expected_amount, expected_quantity, item_labelle, sub_category) VALUES(134, '2019-10-16', 0.49, 2, 'orem ips', 20);
INSERT INTO item (id, date_item, expected_amount, expected_quantity, item_labelle, sub_category) VALUES(630, '2018-04-02', 0.51, 2, 'm ipsum do', 20);
INSERT INTO item (id, date_item, expected_amount, expected_quantity, item_labelle, sub_category) VALUES(388, '2018-12-21', 0.14, 2, 'metLorem ipsum dolor', 20);
INSERT INTO item (id, date_item, expected_amount, expected_quantity, item_labelle, sub_category) VALUES(988, '2019-06-06', 0.96, 2, 'ipsum dolor sit ametLore', 19);
INSERT INTO item (id, date_item, expected_amount, expected_quantity, item_labelle, sub_category) VALUES(456, '2018-07-10', 0.82, 2, 'tLorem ipsum dolor si', 19);
INSERT INTO item (id, date_item, expected_amount, expected_quantity, item_labelle, sub_category) VALUES(430, '2019-08-23', 0.47, 2, 't ametLo', 19);
INSERT INTO item (id, date_item, expected_amount, expected_quantity, item_labelle, sub_category) VALUES(97, '2019-11-03', 0.39, 2, ' ipsum dolo', 19);
INSERT INTO item (id, date_item, expected_amount, expected_quantity, item_labelle, sub_category) VALUES(41, '2019-09-12', 0.59, 2, 't ametLorem ipsum dolor', 19);
INSERT INTO item (id, date_item, expected_amount, expected_quantity, item_labelle, sub_category) VALUES(293, '2020-01-29', 0.71, 2, 'dolor sit ametLorem i', 19);
INSERT INTO item (id, date_item, expected_amount, expected_quantity, item_labelle, sub_category) VALUES(105, '2019-06-22', 0.83, 2, 'ametLorem ipsum dolo', 19);
INSERT INTO item (id, date_item, expected_amount, expected_quantity, item_labelle, sub_category) VALUES(166, '2018-07-01', 0.74, 2, 'ametLorem i', 19);
INSERT INTO item (id, date_item, expected_amount, expected_quantity, item_labelle, sub_category) VALUES(691, '2019-07-20', 0.70, 2, ' ipsum dolor ', 19);
INSERT INTO item (id, date_item, expected_amount, expected_quantity, item_labelle, sub_category) VALUES(234, '2018-11-14', 0.17, 2, 'lor sit ame', 19);
INSERT INTO item (id, date_item, expected_amount, expected_quantity, item_labelle, sub_category) VALUES(109, '2018-02-04', 0.57, 2, 'sum dol', 19);
INSERT INTO item (id, date_item, expected_amount, expected_quantity, item_labelle, sub_category) VALUES(318, '2019-07-03', 0.89, 2, 'rem ipsum', 19);
INSERT INTO item (id, date_item, expected_amount, expected_quantity, item_labelle, sub_category) VALUES(303, '2018-05-28', 0.34, 2, ' ipsum dolo', 19);
INSERT INTO item (id, date_item, expected_amount, expected_quantity, item_labelle, sub_category) VALUES(950, '2019-10-02', 0.35, 2, 'm dolor sit amet', 19);
INSERT INTO item (id, date_item, expected_amount, expected_quantity, item_labelle, sub_category) VALUES(795, '2020-02-25', 0.26, 2, 't ametLorem ipsum', 19);
INSERT INTO item (id, date_item, expected_amount, expected_quantity, item_labelle, sub_category) VALUES(580, '2018-07-04', 0.77, 2, 't ametLorem ipsum dolor', 19);
INSERT INTO item (id, date_item, expected_amount, expected_quantity, item_labelle, sub_category) VALUES(633, '2018-07-23', 0.70, 2, 'sum dolor sit', 19);
INSERT INTO item (id, date_item, expected_amount, expected_quantity, item_labelle, sub_category) VALUES(53, '2018-02-03', 0.87, 2, 'm ipsum dolor sit ametLor', 19);
INSERT INTO item (id, date_item, expected_amount, expected_quantity, item_labelle, sub_category) VALUES(237, '2019-12-15', 0.80, 2, 'Lorem ipsum dolor sit', 19);
INSERT INTO item (id, date_item, expected_amount, expected_quantity, item_labelle, sub_category) VALUES(865, '2019-01-02', 0.87, 2, 'olor sit ametLorem i', 19);
INSERT INTO item (id, date_item, expected_amount, expected_quantity, item_labelle, sub_category) VALUES(163, '2018-12-11', 0.76, 2, 'em ipsum do', 19);
INSERT INTO item (id, date_item, expected_amount, expected_quantity, item_labelle, sub_category) VALUES(143, '2018-09-23', 0.42, 2, 'tLorem ipsum dolor sit', 19);
INSERT INTO item (id, date_item, expected_amount, expected_quantity, item_labelle, sub_category) VALUES(910, '2018-10-29', 0.80, 2, 'em ipsum dolor sit ', 19);
INSERT INTO item (id, date_item, expected_amount, expected_quantity, item_labelle, sub_category) VALUES(803, '2019-02-17', 0.13, 2, 'rem ipsum d', 18);
INSERT INTO item (id, date_item, expected_amount, expected_quantity, item_labelle, sub_category) VALUES(537, '2018-05-06', 0.93, 2, 'metLorem ipsum dolor sit a', 18);
INSERT INTO item (id, date_item, expected_amount, expected_quantity, item_labelle, sub_category) VALUES(542, '2018-10-14', 0.82, 2, 't ametLorem ips', 18);
INSERT INTO item (id, date_item, expected_amount, expected_quantity, item_labelle, sub_category) VALUES(614, '2019-11-26', 0.96, 2, 'dolor sit ametLorem ipsu', 18);
INSERT INTO item (id, date_item, expected_amount, expected_quantity, item_labelle, sub_category) VALUES(989, '2019-05-23', 0.27, 2, 'olor sit ametLorem ipsum d', 18);
INSERT INTO item (id, date_item, expected_amount, expected_quantity, item_labelle, sub_category) VALUES(978, '2019-03-13', 0.36, 2, 'ipsum dolor ', 18);
INSERT INTO item (id, date_item, expected_amount, expected_quantity, item_labelle, sub_category) VALUES(320, '2019-06-10', 0.13, 2, 'sit ametLorem ipsum d', 18);
INSERT INTO item (id, date_item, expected_amount, expected_quantity, item_labelle, sub_category) VALUES(323, '2019-05-09', 0.48, 2, 'etLorem ipsum dolor si', 18);
INSERT INTO item (id, date_item, expected_amount, expected_quantity, item_labelle, sub_category) VALUES(885, '2019-06-04', 0.99, 2, 'it ametLorem ipsum dolor', 18);
INSERT INTO item (id, date_item, expected_amount, expected_quantity, item_labelle, sub_category) VALUES(837, '2018-01-29', 0.81, 2, 'dolor sit ametLorem i', 18);
INSERT INTO item (id, date_item, expected_amount, expected_quantity, item_labelle, sub_category) VALUES(722, '2019-11-14', 0.69, 2, 'orem ipsum dolor sit ametL', 18);
INSERT INTO item (id, date_item, expected_amount, expected_quantity, item_labelle, sub_category) VALUES(408, '2018-07-29', 0.62, 2, 'r sit a', 18);
INSERT INTO item (id, date_item, expected_amount, expected_quantity, item_labelle, sub_category) VALUES(416, '2019-02-18', 0.38, 2, 'r sit ametLorem ipsum d', 18);
INSERT INTO item (id, date_item, expected_amount, expected_quantity, item_labelle, sub_category) VALUES(427, '2018-05-21', 0.33, 2, 'm dolor sit ', 18);
INSERT INTO item (id, date_item, expected_amount, expected_quantity, item_labelle, sub_category) VALUES(690, '2018-10-01', 0.86, 2, 'psum dolor sit ', 18);
INSERT INTO item (id, date_item, expected_amount, expected_quantity, item_labelle, sub_category) VALUES(680, '2019-03-13', 0.28, 2, 'em ipsum dolor sit ametLo', 18);
INSERT INTO item (id, date_item, expected_amount, expected_quantity, item_labelle, sub_category) VALUES(78, '2018-05-21', 0.26, 2, 'm ipsum dolor', 18);
INSERT INTO item (id, date_item, expected_amount, expected_quantity, item_labelle, sub_category) VALUES(482, '2018-05-04', 0.66, 2, 'dolor sit a', 18);
INSERT INTO item (id, date_item, expected_amount, expected_quantity, item_labelle, sub_category) VALUES(907, '2019-11-24', 0.80, 2, 'olor sit ', 17);
INSERT INTO item (id, date_item, expected_amount, expected_quantity, item_labelle, sub_category) VALUES(104, '2019-01-24', 0.99, 2, 'etLorem', 17);
INSERT INTO item (id, date_item, expected_amount, expected_quantity, item_labelle, sub_category) VALUES(38, '2019-11-02', 0.93, 2, 't ametLo', 17);
INSERT INTO item (id, date_item, expected_amount, expected_quantity, item_labelle, sub_category) VALUES(641, '2019-02-17', 0.83, 2, 'orem ipsum do', 17);
INSERT INTO item (id, date_item, expected_amount, expected_quantity, item_labelle, sub_category) VALUES(398, '2018-09-12', 0.38, 2, 't ametL', 17);
INSERT INTO item (id, date_item, expected_amount, expected_quantity, item_labelle, sub_category) VALUES(181, '2020-02-18', 0.94, 2, 'lor sit ametLorem ipsum do', 17);
INSERT INTO item (id, date_item, expected_amount, expected_quantity, item_labelle, sub_category) VALUES(113, '2018-05-30', 0.78, 2, 't ametLorem ipsum dolor s', 17);
INSERT INTO item (id, date_item, expected_amount, expected_quantity, item_labelle, sub_category) VALUES(83, '2018-01-28', 0.42, 2, 'dolor sit amet', 17);
INSERT INTO item (id, date_item, expected_amount, expected_quantity, item_labelle, sub_category) VALUES(634, '2019-11-21', 0.80, 2, 'sit ametLorem ipsum', 17);
INSERT INTO item (id, date_item, expected_amount, expected_quantity, item_labelle, sub_category) VALUES(560, '2018-02-27', 0.54, 2, 'um dolor sit ametLorem', 17);
INSERT INTO item (id, date_item, expected_amount, expected_quantity, item_labelle, sub_category) VALUES(244, '2020-01-20', 0.51, 2, ' sit ame', 17);
INSERT INTO item (id, date_item, expected_amount, expected_quantity, item_labelle, sub_category) VALUES(840, '2018-05-30', 0.97, 2, 'ipsu', 17);
INSERT INTO item (id, date_item, expected_amount, expected_quantity, item_labelle, sub_category) VALUES(210, '2018-09-01', 0.68, 2, 'orem ipsum dolor sit am', 17);
INSERT INTO item (id, date_item, expected_amount, expected_quantity, item_labelle, sub_category) VALUES(257, '2020-02-18', 0.92, 2, ' dolor', 17);
INSERT INTO item (id, date_item, expected_amount, expected_quantity, item_labelle, sub_category) VALUES(269, '2018-04-05', 0.12, 2, 'um do', 17);
INSERT INTO item (id, date_item, expected_amount, expected_quantity, item_labelle, sub_category) VALUES(484, '2019-02-07', 0.43, 2, 'tLorem ipsum dolor sit am', 17);
INSERT INTO item (id, date_item, expected_amount, expected_quantity, item_labelle, sub_category) VALUES(450, '2019-05-06', 0.65, 2, ' dolor s', 17);
INSERT INTO item (id, date_item, expected_amount, expected_quantity, item_labelle, sub_category) VALUES(352, '2020-02-28', 0.47, 2, 'lor si', 17);
INSERT INTO item (id, date_item, expected_amount, expected_quantity, item_labelle, sub_category) VALUES(184, '2018-09-25', 0.32, 2, ' ipsu', 17);
INSERT INTO item (id, date_item, expected_amount, expected_quantity, item_labelle, sub_category) VALUES(858, '2018-11-14', 0.83, 2, 'olor sit ametLorem', 17);
INSERT INTO item (id, date_item, expected_amount, expected_quantity, item_labelle, sub_category) VALUES(853, '2018-06-18', 0.29, 2, 'm ipsum dol', 17);
INSERT INTO item (id, date_item, expected_amount, expected_quantity, item_labelle, sub_category) VALUES(49, '2018-06-18', 0.28, 2, 'metLorem ipsum', 17);
INSERT INTO item (id, date_item, expected_amount, expected_quantity, item_labelle, sub_category) VALUES(941, '2018-04-06', 0.22, 2, 'em ipsum dolor sit', 16);
INSERT INTO item (id, date_item, expected_amount, expected_quantity, item_labelle, sub_category) VALUES(77, '2019-12-14', 0.78, 2, 'm ipsum dolor sit amet', 16);
INSERT INTO item (id, date_item, expected_amount, expected_quantity, item_labelle, sub_category) VALUES(669, '2018-10-01', 0.73, 2, 'sit ametLorem ipsum do', 16);
INSERT INTO item (id, date_item, expected_amount, expected_quantity, item_labelle, sub_category) VALUES(47, '2018-09-20', 0.19, 2, 'psum dolor', 16);
INSERT INTO item (id, date_item, expected_amount, expected_quantity, item_labelle, sub_category) VALUES(431, '2019-08-06', 0.89, 2, 'm ips', 16);
INSERT INTO item (id, date_item, expected_amount, expected_quantity, item_labelle, sub_category) VALUES(65, '2020-01-03', 0.53, 2, ' ipsum dolor si', 16);
INSERT INTO item (id, date_item, expected_amount, expected_quantity, item_labelle, sub_category) VALUES(340, '2018-02-16', 0.14, 2, 'm ipsum dolo', 16);
INSERT INTO item (id, date_item, expected_amount, expected_quantity, item_labelle, sub_category) VALUES(286, '2018-04-28', 0.81, 2, 'um dolor sit ametLorem ips', 16);
INSERT INTO item (id, date_item, expected_amount, expected_quantity, item_labelle, sub_category) VALUES(689, '2018-01-20', 0.98, 2, 'm ipsum dolor sit ametLor', 16);
INSERT INTO item (id, date_item, expected_amount, expected_quantity, item_labelle, sub_category) VALUES(961, '2018-11-05', 0.27, 2, 'ametLore', 16);
INSERT INTO item (id, date_item, expected_amount, expected_quantity, item_labelle, sub_category) VALUES(190, '2019-10-23', 0.33, 2, 't ametLorem ipsum dolor s', 16);
INSERT INTO item (id, date_item, expected_amount, expected_quantity, item_labelle, sub_category) VALUES(281, '2018-11-30', 0.59, 2, 'ipsum dolor sit ametLorem', 16);
INSERT INTO item (id, date_item, expected_amount, expected_quantity, item_labelle, sub_category) VALUES(819, '2019-07-11', 0.39, 2, 'olor sit ametLorem', 16);
INSERT INTO item (id, date_item, expected_amount, expected_quantity, item_labelle, sub_category) VALUES(830, '2019-10-27', 0.62, 2, 'r sit ametLorem ipsum d', 16);
INSERT INTO item (id, date_item, expected_amount, expected_quantity, item_labelle, sub_category) VALUES(147, '2019-03-19', 0.53, 2, 'r sit ametLore', 16);
INSERT INTO item (id, date_item, expected_amount, expected_quantity, item_labelle, sub_category) VALUES(528, '2018-03-11', 0.73, 2, 'r sit am', 16);
INSERT INTO item (id, date_item, expected_amount, expected_quantity, item_labelle, sub_category) VALUES(299, '2018-03-24', 0.62, 2, 'ametLorem', 16);
INSERT INTO item (id, date_item, expected_amount, expected_quantity, item_labelle, sub_category) VALUES(1000, '2018-05-28', 0.34, 2, 'sit ametLorem ipsum do', 16);
INSERT INTO item (id, date_item, expected_amount, expected_quantity, item_labelle, sub_category) VALUES(131, '2018-01-06', 0.86, 2, 'Lorem ipsum', 16);
INSERT INTO item (id, date_item, expected_amount, expected_quantity, item_labelle, sub_category) VALUES(920, '2019-09-19', 0.93, 2, 'orem ip', 16);
INSERT INTO item (id, date_item, expected_amount, expected_quantity, item_labelle, sub_category) VALUES(199, '2019-09-20', 0.40, 2, 'm ipsum dolor sit am', 16);
INSERT INTO item (id, date_item, expected_amount, expected_quantity, item_labelle, sub_category) VALUES(94, '2018-01-13', 0.71, 2, 'it ametL', 16);
INSERT INTO item (id, date_item, expected_amount, expected_quantity, item_labelle, sub_category) VALUES(844, '2018-08-05', 0.23, 2, 'm dolor sit ametLorem', 16);
INSERT INTO item (id, date_item, expected_amount, expected_quantity, item_labelle, sub_category) VALUES(765, '2018-01-31', 0.95, 2, 'Lorem ipsum', 16);
INSERT INTO item (id, date_item, expected_amount, expected_quantity, item_labelle, sub_category) VALUES(652, '2018-02-19', 0.91, 2, 'um dolor s', 16);
INSERT INTO item (id, date_item, expected_amount, expected_quantity, item_labelle, sub_category) VALUES(471, '2019-02-17', 0.41, 2, 'lor sit', 16);
INSERT INTO item (id, date_item, expected_amount, expected_quantity, item_labelle, sub_category) VALUES(780, '2020-01-11', 0.13, 2, 'or sit ametLore', 15);
INSERT INTO item (id, date_item, expected_amount, expected_quantity, item_labelle, sub_category) VALUES(380, '2018-10-05', 0.75, 2, 'ametLorem ipsum do', 15);
INSERT INTO item (id, date_item, expected_amount, expected_quantity, item_labelle, sub_category) VALUES(746, '2018-01-23', 0.61, 2, 'm ipsum dolor sit', 15);
INSERT INTO item (id, date_item, expected_amount, expected_quantity, item_labelle, sub_category) VALUES(350, '2019-02-25', 0.90, 2, 'dolor sit', 15);
INSERT INTO item (id, date_item, expected_amount, expected_quantity, item_labelle, sub_category) VALUES(349, '2019-03-16', 0.24, 2, 'sit ametLorem', 15);
INSERT INTO item (id, date_item, expected_amount, expected_quantity, item_labelle, sub_category) VALUES(573, '2019-12-20', 0.24, 3, 'sit ametLorem ipsum d', 15);
INSERT INTO item (id, date_item, expected_amount, expected_quantity, item_labelle, sub_category) VALUES(761, '2020-03-10', 0.53, 3, 'tLorem ipsum do', 15);
INSERT INTO item (id, date_item, expected_amount, expected_quantity, item_labelle, sub_category) VALUES(452, '2019-11-24', 0.90, 3, 'm ipsum do', 15);
INSERT INTO item (id, date_item, expected_amount, expected_quantity, item_labelle, sub_category) VALUES(461, '2018-06-14', 0.58, 3, 'um dolor si', 15);
INSERT INTO item (id, date_item, expected_amount, expected_quantity, item_labelle, sub_category) VALUES(467, '2018-10-19', 0.20, 3, 'dolor si', 15);
INSERT INTO item (id, date_item, expected_amount, expected_quantity, item_labelle, sub_category) VALUES(937, '2019-10-07', 0.57, 3, 'orem ipsu', 15);
INSERT INTO item (id, date_item, expected_amount, expected_quantity, item_labelle, sub_category) VALUES(533, '2019-10-11', 0.22, 3, 'dolor sit ametLor', 15);
INSERT INTO item (id, date_item, expected_amount, expected_quantity, item_labelle, sub_category) VALUES(663, '2018-07-29', 0.61, 3, 'metLorem ipsum dol', 15);
INSERT INTO item (id, date_item, expected_amount, expected_quantity, item_labelle, sub_category) VALUES(661, '2018-06-24', 0.57, 3, 'orem ipsum dolor sit ', 15);
INSERT INTO item (id, date_item, expected_amount, expected_quantity, item_labelle, sub_category) VALUES(219, '2019-11-29', 0.76, 3, 'ametLorem ipsum', 15);
INSERT INTO item (id, date_item, expected_amount, expected_quantity, item_labelle, sub_category) VALUES(501, '2019-04-24', 0.84, 3, 'or sit ametLorem ipsum do', 15);
INSERT INTO item (id, date_item, expected_amount, expected_quantity, item_labelle, sub_category) VALUES(651, '2018-05-05', 0.58, 3, 'ametLorem ipsum dolor', 15);
INSERT INTO item (id, date_item, expected_amount, expected_quantity, item_labelle, sub_category) VALUES(958, '2020-03-03', 0.39, 3, 't ametLorem ipsum dol', 15);
INSERT INTO item (id, date_item, expected_amount, expected_quantity, item_labelle, sub_category) VALUES(852, '2018-01-05', 0.34, 3, 'm ipsum d', 15);
INSERT INTO item (id, date_item, expected_amount, expected_quantity, item_labelle, sub_category) VALUES(2, '2019-01-05', 0.81, 3, 'sit ametLorem ip', 15);
INSERT INTO item (id, date_item, expected_amount, expected_quantity, item_labelle, sub_category) VALUES(597, '2018-04-25', 0.27, 3, 'olor sit ametLor', 15);
INSERT INTO item (id, date_item, expected_amount, expected_quantity, item_labelle, sub_category) VALUES(406, '2019-11-09', 0.90, 3, 'sit ametLore', 15);
INSERT INTO item (id, date_item, expected_amount, expected_quantity, item_labelle, sub_category) VALUES(460, '2020-02-14', 0.67, 3, 'lor sit ametLorem ipsum', 14);
INSERT INTO item (id, date_item, expected_amount, expected_quantity, item_labelle, sub_category) VALUES(611, '2019-03-24', 0.69, 3, 'em ipsum dol', 14);
INSERT INTO item (id, date_item, expected_amount, expected_quantity, item_labelle, sub_category) VALUES(842, '2019-08-16', 0.43, 3, 'etLor', 14);
INSERT INTO item (id, date_item, expected_amount, expected_quantity, item_labelle, sub_category) VALUES(851, '2019-08-07', 0.83, 3, 'r sit ', 14);
INSERT INTO item (id, date_item, expected_amount, expected_quantity, item_labelle, sub_category) VALUES(854, '2018-01-10', 0.53, 3, 'm ip', 14);
INSERT INTO item (id, date_item, expected_amount, expected_quantity, item_labelle, sub_category) VALUES(856, '2018-07-29', 0.40, 3, 'it ametLore', 14);
INSERT INTO item (id, date_item, expected_amount, expected_quantity, item_labelle, sub_category) VALUES(764, '2018-04-04', 0.24, 3, 'sum dolor sit ametLorem', 14);
INSERT INTO item (id, date_item, expected_amount, expected_quantity, item_labelle, sub_category) VALUES(336, '2019-04-09', 0.91, 3, ' ipsum ', 14);
INSERT INTO item (id, date_item, expected_amount, expected_quantity, item_labelle, sub_category) VALUES(880, '2018-08-08', 0.68, 3, 'tLorem ipsum do', 14);
INSERT INTO item (id, date_item, expected_amount, expected_quantity, item_labelle, sub_category) VALUES(736, '2018-08-19', 0.33, 3, 'Lorem ipsum dol', 14);
INSERT INTO item (id, date_item, expected_amount, expected_quantity, item_labelle, sub_category) VALUES(395, '2018-03-14', 0.34, 3, ' sit am', 14);
INSERT INTO item (id, date_item, expected_amount, expected_quantity, item_labelle, sub_category) VALUES(708, '2019-11-28', 0.44, 3, 'sum dolor sit ametLorem i', 14);
INSERT INTO item (id, date_item, expected_amount, expected_quantity, item_labelle, sub_category) VALUES(444, '2018-02-04', 0.46, 3, 'psum dolor sit ametLor', 14);
INSERT INTO item (id, date_item, expected_amount, expected_quantity, item_labelle, sub_category) VALUES(778, '2019-08-24', 0.87, 3, 'ipsum dolor sit ametLorem', 14);
INSERT INTO item (id, date_item, expected_amount, expected_quantity, item_labelle, sub_category) VALUES(592, '2018-07-28', 0.28, 3, 'dolor sit ametLorem', 14);
INSERT INTO item (id, date_item, expected_amount, expected_quantity, item_labelle, sub_category) VALUES(796, '2018-09-25', 0.21, 3, 't ametLorem ipsum', 14);
INSERT INTO item (id, date_item, expected_amount, expected_quantity, item_labelle, sub_category) VALUES(494, '2018-12-11', 0.96, 3, 'ipsum dolor si', 14);
INSERT INTO item (id, date_item, expected_amount, expected_quantity, item_labelle, sub_category) VALUES(656, '2019-04-26', 0.25, 3, 'tLor', 14);
INSERT INTO item (id, date_item, expected_amount, expected_quantity, item_labelle, sub_category) VALUES(650, '2018-08-23', 0.34, 3, 'etLorem ipsum dolor sit', 14);
INSERT INTO item (id, date_item, expected_amount, expected_quantity, item_labelle, sub_category) VALUES(34, '2019-10-10', 0.19, 3, 't ametLorem ipsum dolor', 14);
INSERT INTO item (id, date_item, expected_amount, expected_quantity, item_labelle, sub_category) VALUES(577, '2018-06-28', 0.97, 3, 'm dolor sit ', 14);
INSERT INTO item (id, date_item, expected_amount, expected_quantity, item_labelle, sub_category) VALUES(818, '2018-05-07', 0.25, 3, 'ipsum do', 14);

